1,16:37:04,104.19296654095706,30.659116150561122
2,16:37:04,104.19296654095706,30.659116150561122
3,16:37:04,104.19296654095706,30.659116150561122
4,16:37:05,104.19296654095706,30.659116150561122
5,16:37:05,104.19296654095706,30.659116150561122
6,16:37:06,104.19296654095706,30.659116150561122
7,16:37:06,104.19161427251166,30.659127953435867
8,16:37:07,104.19161427251166,30.659127953435867
9,16:37:07,104.19296654095706,30.659116150561122
10,16:37:07,104.19296654095706,30.659116150561122
11,16:37:07,104.19002466719203,30.65892754241214
12,16:37:08,104.19002466719203,30.65892754241214
13,16:37:08,104.19002466719203,30.65892754241214
14,16:37:09,104.19002466719203,30.65892754241214
15,16:37:09,104.19002466719203,30.65892754241214
16,16:37:10,104.19293576279856,30.659114177325023
17,16:37:10,104.19462207247932,30.659101026085153
18,16:37:10,104.19462207247932,30.659101026085153
19,16:37:11,104.19293576279856,30.659114177325023
20,16:37:11,104.19293576279856,30.659114177325023
21,16:37:12,104.1930543435843,30.6591217797255
22,16:37:12,104.1930543435843,30.6591217797255
23,16:37:12,104.1930543435843,30.6591217797255
24,16:37:13,104.1930543435843,30.6591217797255
25,16:37:13,104.1930543435843,30.6591217797255
26,16:37:13,104.19290417635753,30.65911215226867
27,16:37:14,104.19290417635753,30.65911215226867
28,16:37:14,104.19290417635753,30.65911215226867
29,16:37:15,104.19146232331727,30.659122056913628
30,16:37:15,104.19146232331727,30.659122056913628
31,16:37:16,104.19290417635753,30.65911215226867
32,16:37:16,104.19290417635753,30.65911215226867
33,16:37:16,104.19358531110174,30.65910747329125
34,16:37:17,104.19358531110174,30.65910747329125
35,16:37:17,104.19358531110174,30.65910747329125
36,16:37:18,104.19365093259847,30.659113331667147
37,16:37:18,104.19365093259847,30.659113331667147
38,16:37:18,104.19365093259847,30.659113331667147
39,16:37:19,104.19302580316399,30.659119949954317
40,16:37:19,104.19302580316399,30.659119949954317
41,16:37:19,104.19290417635753,30.65911215226867
42,16:37:20,104.19290417635753,30.65911215226867
43,16:37:20,104.19290417635753,30.65911215226867
44,16:37:21,104.19290417635753,30.65911215226867
45,16:37:21,104.19290417635753,30.65911215226867
46,16:37:22,104.19293576279856,30.659114177325023
47,16:37:22,104.19153981576838,30.659125064076406
48,16:37:22,104.19153981576838,30.659125064076406
49,16:37:23,104.19153981576838,30.659125064076406
50,16:37:23,104.19153981576838,30.659125064076406
51,16:37:24,104.19182115736506,30.65913598178471
52,16:37:24,104.19182115736506,30.65913598178471
53,16:37:24,104.19182115736506,30.65913598178471
54,16:37:25,104.19182115736506,30.65913598178471
55,16:37:25,104.19182115736506,30.65913598178471
56,16:37:25,104.19161427251166,30.659127953435867
57,16:37:26,104.19161427251166,30.659127953435867
58,16:37:26,104.19161427251166,30.659127953435867
59,16:37:27,104.19296654095706,30.659116150561122
60,16:37:27,104.19296654095706,30.659116150561122
1,16:39:50,104.19582853282316,30.6590964520612
2,16:39:53,104.19582430730163,30.659098848352514
3,16:39:53,104.19582430730163,30.659098848352514
4,16:39:55,104.19582430730163,30.659098848352514
5,16:39:56,104.19585605449628,30.65909908054749
6,16:39:57,104.19585605449628,30.65909908054749
7,16:39:58,104.19576924261736,30.65911926487382
8,16:39:59,104.19576924261736,30.65911926487382
9,16:40:01,104.19575028349932,30.65911818918447
10,16:40:02,104.19575028349932,30.65911818918447
11,16:40:03,104.19587741909328,30.65912540251604
12,16:40:04,104.1984745697738,30.65913680505674
13,16:40:05,104.18664952270211,30.658980072857197
14,16:40:07,104.18664952270211,30.658980072857197
15,16:40:08,104.19470282393596,30.659086813372337
16,16:40:09,104.19533954182799,30.65909525259419
17,16:40:10,104.19526795280427,30.65909591457605
18,16:40:11,104.19548124206787,30.659094449409785
19,16:40:13,104.19545164550931,30.65909465271997
20,16:40:14,104.19535335873621,30.659095327889744
21,16:40:15,104.19539938838224,30.65909501169434
22,16:40:16,104.19552557174043,30.659102255522086
23,16:40:17,104.19555323434696,30.659103328992856
24,16:40:19,104.19559268439512,30.65910485988524
25,16:40:20,104.1955610862043,30.659103633690805
26,16:40:21,104.19550556467276,30.659101479130953
27,16:40:22,104.19549788848957,30.659097896553035
28,16:40:23,104.19549788848957,30.659097896553035
29,16:40:25,104.19548333402895,30.659097650705327
30,16:40:26,104.19548333402895,30.659097650705327
31,16:40:27,104.19548035581226,30.659097600398567
32,16:40:28,104.19548018049073,30.65909639020534
33,16:40:29,104.19547441822874,30.659096345499613
34,16:40:31,104.19547441822874,30.659096345499613
35,16:40:32,104.19547395833067,30.65909634193156
36,16:40:33,104.19547395833067,30.65909634193156
37,16:40:34,104.1954739020473,30.65910164644314
38,16:40:35,104.1954739020473,30.65910164644314
39,16:40:37,104.1954739020473,30.65910164644314
40,16:40:38,104.1954739020473,30.65910164644314
41,16:40:39,104.19547211900715,30.65910155748034
42,16:40:40,104.19547211703431,30.659101547338267
43,16:40:41,104.19547777133081,30.65910182899553
44,16:40:43,104.19547777133081,30.65910182899553
45,16:40:44,104.19547715722271,30.659101798404986
46,16:40:45,104.19547715722271,30.659101798404986
47,16:40:46,104.19548053295085,30.65909687495523
48,16:40:47,104.19548053295085,30.65909687495523
49,16:40:49,104.19546561548285,30.65909670496604
50,16:40:50,104.19546561548285,30.65909670496604
51,16:40:51,104.19547335084755,30.65909679311293
52,16:40:52,104.19547468808841,30.659104113483004
53,16:40:53,104.19545422450162,30.659102700315728
54,16:40:55,104.19545422450162,30.659102700315728
55,16:40:56,104.19546673498044,30.659103564260032
56,16:40:57,104.19546673498044,30.659103564260032
57,16:40:58,104.19548117029268,30.659103222518624
58,16:40:59,104.19548117029268,30.659103222518624
59,16:41:01,104.19547089702705,30.659102616336526
60,16:41:02,104.19547089702705,30.659102616336526
61,16:41:03,104.19546165140079,30.65910207079109
62,16:41:04,104.19546027166824,30.659096644071603
63,16:41:05,104.19546962155437,30.65909675061647
64,16:41:07,104.19546962155437,30.65909675061647
65,16:41:08,104.19547991077727,30.659096867865372
66,16:41:09,104.19547991077727,30.659096867865372
67,16:41:10,104.195473745002,30.659094500910022
68,16:41:11,104.195473745002,30.659094500910022
69,16:41:13,104.19544341004365,30.65909470929256
70,16:41:14,104.1953904326679,30.6590950732146
71,16:41:15,104.19539470097669,30.659095043893938
72,16:41:16,104.19539573076693,30.659096736281043
73,16:41:17,104.19540712441652,30.659097063686275
74,16:41:19,104.19540712441652,30.659097063686275
75,16:41:20,104.19544240787951,30.659098077583558
76,16:41:21,104.19506218771411,30.659087151666455
77,16:41:22,104.19467124799476,30.659100642573748
78,16:41:23,104.19535266162599,30.65909532834575
79,16:41:25,104.19536788784632,30.659095209599066
80,16:41:26,104.19536788784632,30.659095209599066
81,16:41:27,104.19535335460668,30.65909532294131
82,16:41:28,104.19535348339649,30.65909547727082
83,16:41:29,104.19536831985249,30.659095781851683
84,16:41:31,104.19536831985249,30.659095781851683
85,16:41:32,104.1954114313898,30.659096666897902
86,16:41:33,104.19548059450545,30.659098086762693
87,16:41:34,104.19546763419959,30.6591103897352
88,16:41:35,104.19546763419959,30.6591103897352
89,16:41:37,104.19548057635437,30.65911201515936
90,16:41:38,104.19548057635437,30.65911201515936
91,16:41:39,104.19548376564379,30.659112415706886
92,16:41:40,104.19548180188639,30.659098111549284
93,16:41:41,104.19545255943049,30.659097511224484
94,16:41:43,104.19535261016262,30.65909545934401
95,16:41:44,104.19539956906593,30.65909642337365
96,16:41:45,104.19548495986896,30.659098176380198
97,16:41:46,104.19547629827795,30.659101641351256
98,16:41:47,104.19547629827795,30.659101641351256
99,16:41:49,104.19546990047093,30.65910132835565
100,16:41:50,104.19546990047093,30.65910132835565
101,16:41:51,104.19547872758406,30.659101760198563
102,16:41:52,104.19547928054932,30.659105272039568
103,16:41:53,104.19547528295251,30.659104970353255
104,16:41:55,104.19547528295251,30.659104970353255
105,16:41:56,104.19547688842474,30.659105091513293
106,16:41:57,104.19547688842474,30.659105091513293
107,16:41:58,104.19547002946548,30.65910195225069
108,16:41:59,104.19547002946548,30.65910195225069
109,16:42:01,104.19547641037695,30.659102296713165
110,16:42:02,104.19547641037695,30.659102296713165
111,16:42:03,104.19544689352132,30.659100703296744
112,16:42:04,104.19535596315126,30.659092744074435
113,16:42:08,104.19539731794276,30.65907913445423
114,16:42:08,104.19539731794276,30.65907913445423
115,16:42:08,104.1954516976991,30.659061238394237
116,16:42:14,104.1954516976991,30.659061238394237
117,16:42:15,104.19545979679589,30.659031156156487
118,16:42:15,104.19545979679589,30.659031156156487
119,16:42:15,104.1954256191895,30.659050785470036
120,16:42:15,104.19537927023086,30.659077405187972
121,16:42:15,104.19540987354216,30.659059828708617
122,16:42:16,104.19542321525395,30.659090048501305
123,16:42:17,104.19544488305482,30.659088517025314
124,16:42:19,104.19544488305482,30.659088517025314
125,16:42:20,104.19546259493646,30.659087265152934
126,16:42:21,104.19546259493646,30.659087265152934
127,16:42:22,104.1954507123506,30.659139474296193
128,16:42:23,104.19536337396477,30.659101967016646
129,16:42:25,104.19542070765962,30.659126588847016
130,16:42:26,104.1955076589467,30.659163929887843
131,16:42:30,104.19551043171363,30.659165120646563
132,16:42:30,104.19551228426499,30.65910955050557
133,16:42:30,104.19550725003282,30.65910911580396
134,16:42:31,104.19550725003282,30.65910911580396
135,16:42:32,104.19550891318232,30.659109259415487
136,16:42:33,104.19550891318232,30.659109259415487
137,16:42:34,104.19551826544713,30.65920902189516
138,16:42:35,104.19569108642654,30.659324384982327
139,16:42:37,104.19563060421868,30.659284011329547
140,16:42:38,104.19554493874335,30.659226827104966
141,16:42:39,104.19555443106839,30.659233163511146
142,16:42:40,104.19552943930597,30.65928711093412
143,16:42:41,104.19552414674308,30.659281517719407
144,16:42:43,104.19551335038611,30.659270108059456
145,16:42:44,104.19551467428991,30.65927150716956
146,16:42:45,104.1951336120273,30.658868798103516
147,16:42:46,104.1936537784744,30.657857734989083
148,16:42:47,104.19550687981629,30.659211426489986
149,16:42:49,104.19551612642961,30.65921818114586
150,16:42:50,104.19564649008288,30.65931341186286
151,16:42:51,104.1956992808908,30.659351975575696
152,16:42:52,104.1951649948203,30.65914958405965
153,16:42:53,104.19500681465081,30.659196448456388
154,16:42:55,104.1954719387899,30.65905864507525
155,16:42:56,104.19550217449887,30.659049687073328
156,16:42:57,104.19550217449887,30.659049687073328
157,16:42:58,104.19554207354918,30.65901122533011
158,16:42:59,104.19513522359829,30.65918761257633
159,16:43:01,104.1949740872394,30.659257472234778
160,16:43:02,104.19551517335651,30.659022887740036
161,16:43:03,104.19551517335651,30.659022887740036
162,16:43:04,104.19551550153312,30.659013043575534
163,16:43:05,104.19546854364711,30.659036121728626
164,16:43:07,104.19546854364711,30.659036121728626
165,16:43:08,104.19550244773674,30.659019459058356
166,16:43:09,104.19550244773674,30.659019459058356
167,16:43:10,104.19551026008621,30.659008892486803
168,16:43:11,104.19551026008621,30.659008892486803
169,16:43:13,104.19550611021103,30.659011104052837
170,16:43:14,104.19550611021103,30.659011104052837
171,16:43:15,104.19550760758098,30.65901030606919
172,16:43:16,104.19550755610695,30.659024531103974
173,16:43:17,104.19551006516713,30.65902341722773
174,16:43:19,104.19551006516713,30.65902341722773
175,16:43:20,104.19555222284838,30.659004701678313
176,16:43:21,104.1951128300356,30.65919976643653
177,16:43:22,104.19492554157205,30.65928064364791
178,16:43:23,104.19594576858286,30.65883319941743
179,16:43:25,104.19598623913524,30.658815450117547
180,16:43:26,104.19598623913524,30.658815450117547
181,16:43:27,104.19595377095398,30.65882968979188
182,16:43:28,104.19605044379577,30.658732546801627
183,16:43:29,104.19630439573551,30.658601378571703
184,16:43:31,104.19630439573551,30.658601378571703
185,16:43:32,104.19609677033385,30.658708618770184
186,16:43:33,104.19609677033385,30.658708618770184
187,16:43:34,104.19597370199313,30.658882271375496
188,16:43:35,104.19597370199313,30.658882271375496
189,16:43:37,104.19653637258689,30.658690644452
190,16:43:38,104.19510149944627,30.659179314605723
191,16:43:39,104.19479442956107,30.65928389241386
192,16:43:40,104.19472026652736,30.65928440186813
193,16:43:41,104.19494468173397,30.659216820933267
194,16:43:43,104.19494468173397,30.659216820933267
195,16:43:44,104.19491391847735,30.65922608505433
196,16:43:45,104.19491391847735,30.65922608505433
197,16:43:46,104.19481468111866,30.659216241091308
198,16:43:47,104.19481468111866,30.659216241091308
199,16:43:49,104.19505660909692,30.6591614082666
200,16:43:50,104.19505660909692,30.6591614082666
201,16:43:51,104.19472696655562,30.65923612154207
202,16:43:52,104.1961864488352,30.658648535607362
203,16:43:53,104.19816603289185,30.657593568729716
204,16:43:55,104.19503757461231,30.659260797687207
205,16:43:56,104.19507660563221,30.65923999713921
206,16:43:57,104.19507660563221,30.65923999713921
207,16:43:58,104.19507660563221,30.65923999713921
208,16:43:59,104.19507660563221,30.65923999713921
209,16:44:01,104.19486971691072,30.659350253002202
210,16:44:02,104.19592664996433,30.658786988532714
211,16:44:03,104.19595221034304,30.65877336680606
212,16:44:04,104.19595221034304,30.65877336680606
213,16:44:05,104.1965357517189,30.658462383889617
214,16:44:07,104.1951461453258,30.659202937801833
215,16:44:08,104.19500963691286,30.65927568634397
216,16:44:09,104.19595221034304,30.65877336680606
217,16:44:10,104.19575362505893,30.65887919757208
218,16:44:11,104.1955354057998,30.65899549174493
219,16:44:13,104.19558727659833,30.65896784857707
220,16:44:14,104.19612511741121,30.658681220564926
221,16:44:15,104.19582596153575,30.658840647763178
222,16:44:16,104.19553326329482,30.658996633536198
223,16:44:17,104.19550985014945,30.659009110951736
224,16:44:19,104.19550986883394,30.659007542375864
225,16:44:20,104.19551028120688,30.659007318641926
226,16:44:21,104.19551032716589,30.65900389392499
227,16:44:22,104.19550974262522,30.65900422331157
228,16:44:23,104.19550956112374,30.659020273237722
229,16:44:25,104.19557616396432,30.659000514666914
230,16:44:26,104.19557616396432,30.659000514666914
231,16:44:27,104.1955234097279,30.659113951199707
232,16:44:28,104.1955234097279,30.659113951199707
233,16:44:29,104.19557688644133,30.658934445222975
234,16:44:31,104.19557132649058,30.65896171463818
235,16:44:32,104.19559584275964,30.658947042841326
236,16:44:33,104.19560651273167,30.65890733793848
237,16:44:34,104.19532909521746,30.659840608061163
238,16:44:35,104.19532909521746,30.659840608061163
239,16:44:37,104.19533842985715,30.65980850134017
240,16:44:38,104.19533842985715,30.65980850134017
241,16:44:39,104.19533842985715,30.65980850134017
242,16:44:40,104.19533542574726,30.65981795811045
243,16:44:41,104.19533621269133,30.659772735495032
244,16:44:43,104.19533038896024,30.659789607568534
245,16:44:44,104.1953388395818,30.659777969960935
246,16:44:45,104.1953388395818,30.659777969960935
247,16:44:46,104.19532692452354,30.65981340147424
248,16:44:47,104.19532374767758,30.65982284838233
249,16:44:49,104.19532374767758,30.65982284838233
250,16:44:50,104.19533001878666,30.659804200140734
251,16:44:51,104.1953310131261,30.6597650023946
252,16:44:52,104.1953310131261,30.6597650023946
253,16:44:53,104.19532374767758,30.65982284838233
254,16:44:55,104.19532374767758,30.65982284838233
255,16:44:56,104.19532342044083,30.659832664324494
256,16:44:57,104.19532342044083,30.659832664324494
257,16:44:58,104.19532098859469,30.65990561108627
258,16:44:59,104.19533142724671,30.659870377629517
259,16:45:01,104.19624363640403,30.657052989928367
260,16:45:02,104.19624363640403,30.657052989928367
261,16:45:03,104.19556562647688,30.65908626798185
262,16:45:04,104.19556562647688,30.65908626798185
263,16:45:05,104.19555306172495,30.659136623093822
1,16:45:37,104.1955788622875,30.658960299377085
2,16:45:37,104.1955788622875,30.658960299377085
3,16:45:37,104.19560612020157,30.65894435221209
4,16:45:38,104.19560612020157,30.65894435221209
5,16:45:39,104.19580402455811,30.658828568831858
6,16:45:40,104.19580402455811,30.658828568831858
7,16:45:40,104.19560612020157,30.65894435221209
8,16:45:41,104.19560612020157,30.65894435221209
9,16:45:42,104.19560612020157,30.65894435221209
10,16:45:42,104.19560612020157,30.65894435221209
11,16:45:42,104.19582486848546,30.658820330020642
12,16:45:43,104.19582486848546,30.658820330020642
13,16:45:44,104.19560616464437,30.658946467819327
14,16:45:44,104.19560616464437,30.658946467819327
15,16:45:45,104.19559786424603,30.658951255087675
16,16:45:46,104.1955992504935,30.658946274918907
17,16:45:46,104.1956068976003,30.658941737194542
18,16:45:47,104.1956068976003,30.658941737194542
19,16:45:47,104.1956068976003,30.658941737194542
20,16:45:48,104.1956068976003,30.658941737194542
21,16:45:48,104.19560650775017,30.65894304857427
22,16:45:49,104.19560650775017,30.65894304857427
23,16:45:50,104.19560650775017,30.65894304857427
24,16:45:50,104.19560650775017,30.65894304857427
25,16:45:51,104.19583184244397,30.6588102784436
26,16:45:52,104.19582716407034,30.65881702139064
27,16:45:52,104.1956871968739,30.658898327430062
28,16:45:53,104.19559820788095,30.658950020560695
29,16:45:53,104.1956780246267,30.65890365552916
30,16:45:54,104.19582716407034,30.65881702139064
31,16:45:54,104.19580815491875,30.65882231291271
32,16:45:55,104.19580815491875,30.65882231291271
33,16:45:56,104.19560772804824,30.658941244414205
34,16:45:56,104.19560772804824,30.658941244414205
35,16:45:57,104.19563480688589,30.658925176075606
36,16:45:58,104.19563370687592,30.65892821270682
37,16:45:58,104.19583085204671,30.65881287348605
38,16:45:59,104.19583085204671,30.65881287348605
39,16:45:59,104.19582890630278,30.658814011837997
40,16:46:00,104.19582890630278,30.658814011837997
41,16:46:00,104.19583864393115,30.658804221007102
42,16:46:01,104.19583864393115,30.658804221007102
43,16:46:02,104.19569233097292,30.658891041799976
44,16:46:02,104.19560172069211,30.658944809125288
45,16:46:03,104.19560172069211,30.658944809125288
46,16:46:04,104.19560172069211,30.658944809125288
47,16:46:04,104.19560172069211,30.658944809125288
48,16:46:05,104.19560172069211,30.658944809125288
49,16:46:05,104.19560172069211,30.658944809125288
50,16:46:06,104.19560172069211,30.658944809125288
51,16:46:06,104.19568437257203,30.658895764243447
52,16:46:07,104.19583363003639,30.658807196207135
53,16:46:08,104.19581469737653,30.658818430677133
54,16:46:08,104.19581469737653,30.658818430677133
55,16:46:09,104.19567950201483,30.658898654388263
56,16:46:10,104.19556946879473,30.658963947110983
57,16:46:10,104.1956368148694,30.65892398455626
58,16:46:11,104.19583864393115,30.658804221007102
59,16:46:11,104.19569233097292,30.658891041799976
60,16:46:12,104.19560172069211,30.658944809125288
61,16:46:12,104.19560772804824,30.658941244414205
62,16:46:13,104.19560772804824,30.658941244414205
63,16:46:14,104.19560172069211,30.658944809125288
64,16:46:14,104.19560172069211,30.658944809125288
65,16:46:15,104.19568437257203,30.658895764243447
66,16:46:16,104.19583864393115,30.658804221007102
67,16:46:16,104.19581469737653,30.658818430677133
68,16:46:17,104.19581469737653,30.658818430677133
69,16:46:17,104.19581469737653,30.658818430677133
70,16:46:18,104.19581469737653,30.658818430677133
71,16:46:18,104.19581469737653,30.658818430677133
72,16:46:19,104.19581469737653,30.658818430677133
73,16:46:20,104.19567950201483,30.658898654388263
74,16:46:20,104.19557936666875,30.6589580738016
75,16:46:21,104.19557936666875,30.6589580738016
76,16:46:22,104.19557936666875,30.6589580738016
77,16:46:22,104.19557936666875,30.6589580738016
78,16:46:23,104.19557936666875,30.6589580738016
79,16:46:23,104.19556946879473,30.658963947110983
80,16:46:24,104.19556946879473,30.658963947110983
81,16:46:24,104.19557936666875,30.6589580738016
82,16:46:25,104.19557936666875,30.6589580738016
83,16:46:26,104.19565105048099,30.658915537272435
84,16:46:26,104.19581267977946,30.658819627901075
85,16:46:27,104.1955992504935,30.658946274918907
86,16:46:28,104.1955992504935,30.658946274918907
87,16:46:28,104.19556946879473,30.658963947110983
88,16:46:29,104.19556946879473,30.658963947110983
89,16:46:29,104.19557936666875,30.6589580738016
90,16:46:30,104.19557936666875,30.6589580738016
91,16:46:30,104.19565105048099,30.658915537272435
92,16:46:31,104.195768572129,30.658845800983983
93,16:46:32,104.1956068976003,30.658941737194542
94,16:46:32,104.1956068976003,30.658941737194542
95,16:46:33,104.19580941349477,30.658821566085035
96,16:46:34,104.19580941349477,30.658821566085035
97,16:46:34,104.19580815491875,30.65882231291271
98,16:46:35,104.19580815491875,30.65882231291271
99,16:46:35,104.19578232828457,30.658837638205043
100,16:46:36,104.19578232828457,30.658837638205043
101,16:46:36,104.19563536701811,30.658924843698188
102,16:46:37,104.19563536701811,30.658924843698188
103,16:46:38,104.19557936666875,30.6589580738016
104,16:46:38,104.19557936666875,30.6589580738016
105,16:46:39,104.19565105048099,30.658915537272435
106,16:46:40,104.19578589769034,30.658835520151776
107,16:46:40,104.19579917636116,30.658827640708
108,16:46:41,104.19579917636116,30.658827640708
109,16:46:41,104.19583542373118,30.658806131844784
110,16:46:42,104.19583542373118,30.658806131844784
111,16:46:42,104.1956068976003,30.658941737194542
112,16:46:43,104.1956068976003,30.658941737194542
113,16:46:44,104.19583363003639,30.658807196207135
114,16:46:44,104.19583363003639,30.658807196207135
115,16:46:45,104.19568967872112,30.65889261562232
116,16:46:46,104.19560172069211,30.658944809125288
117,16:46:46,104.19578313477528,30.65883715964071
118,16:46:47,104.19578313477528,30.65883715964071
119,16:46:47,104.1955992504935,30.658946274918907
120,16:46:48,104.1955992504935,30.658946274918907
121,16:46:48,104.1956068976003,30.658941737194542
122,16:46:49,104.1956068976003,30.658941737194542
123,16:46:50,104.19571992426013,30.65887466819163
124,16:46:50,104.19571992426013,30.65887466819163
125,16:46:51,104.19593935555233,30.658744459637305
126,16:46:52,104.19593935555233,30.658744459637305
127,16:46:52,104.19569795974701,30.65888770173608
128,16:46:53,104.19569795974701,30.65888770173608
129,16:46:53,104.19585863537401,30.65879235826479
130,16:46:54,104.19585863537401,30.65879235826479
131,16:46:54,104.19570273288967,30.658884869396168
132,16:46:55,104.19551386695434,30.658996940742753
133,16:46:56,104.19561038197537,30.658939669597732
134,16:46:56,104.19561038197537,30.658939669597732
135,16:46:57,104.19558767105096,30.658953146055925
136,16:46:58,104.19558767105096,30.658953146055925
137,16:46:58,104.19577550477067,30.6588416872168
138,16:46:59,104.19577550477067,30.6588416872168
139,16:46:59,104.19577363565978,30.658842796330376
140,16:47:00,104.19577363565978,30.658842796330376
141,16:47:00,104.19563536701811,30.658924843698188
142,16:47:01,104.19563536701811,30.658924843698188
143,16:47:02,104.19580108501003,30.658826508132933
144,16:47:02,104.19580108501003,30.658826508132933
145,16:47:03,104.19578313477528,30.65883715964071
146,16:47:04,104.19578313477528,30.65883715964071
147,16:47:04,104.1957916896902,30.658832083231175
148,16:47:05,104.1957916896902,30.658832083231175
149,16:47:05,104.19566677966515,30.65890620371609
150,16:47:06,104.19558904907362,30.658952328349677
151,16:47:06,104.19564130727773,30.658921318801575
152,16:47:07,104.19564130727773,30.658921318801575
153,16:47:08,104.19581469737653,30.658818430677133
154,16:47:08,104.19581469737653,30.658818430677133
155,16:47:09,104.19563536701811,30.658924843698188
156,16:47:10,104.19563536701811,30.658924843698188
157,16:47:10,104.19577363565978,30.658842796330376
158,16:47:11,104.19577363565978,30.658842796330376
159,16:47:11,104.19579848603118,30.658828050343594
160,16:47:12,104.19579848603118,30.658828050343594
161,16:47:12,104.19562960421584,30.6589282632932
162,16:47:13,104.19562960421584,30.6589282632932
163,16:47:14,104.19579659776292,30.658829170824994
164,16:47:14,104.19579659776292,30.658829170824994
165,16:47:15,104.19579848603118,30.658828050343594
166,16:47:16,104.19579848603118,30.658828050343594
167,16:47:16,104.19563536701811,30.658924843698188
168,16:47:17,104.19563536701811,30.658924843698188
169,16:47:17,104.19578184571546,30.65883792455721
170,16:47:18,104.19578184571546,30.65883792455721
171,16:47:18,104.19561732910263,30.658935547234925
172,16:47:19,104.19561732910263,30.658935547234925
173,16:47:20,104.19578184571546,30.65883792455721
174,16:47:20,104.19578184571546,30.65883792455721
175,16:47:21,104.19578184571546,30.65883792455721
176,16:47:22,104.19578184571546,30.65883792455721
177,16:47:22,104.19562636527908,30.658930185249126
178,16:47:23,104.19562636527908,30.658930185249126
179,16:47:23,104.19561732910263,30.658935547234925
180,16:47:24,104.19561732910263,30.658935547234925
181,16:47:24,104.19578184571546,30.65883792455721
182,16:47:25,104.19578184571546,30.65883792455721
183,16:47:26,104.19578184571546,30.65883792455721
184,16:47:26,104.19578184571546,30.65883792455721
185,16:47:27,104.19578184571546,30.65883792455721
186,16:47:28,104.19578184571546,30.65883792455721
187,16:47:28,104.19580619014675,30.658823478790737
188,16:47:29,104.19580619014675,30.658823478790737
189,16:47:29,104.1956225794253,30.658932431740695
190,16:47:30,104.1956225794253,30.658932431740695
191,16:47:30,104.1958088733131,30.658821886623976
192,16:47:31,104.1958088733131,30.658821886623976
193,16:47:32,104.19578688060994,30.658834936896135
194,16:47:32,104.19578688060994,30.658834936896135
195,16:47:33,104.19583066834608,30.65880895364752
196,16:47:34,104.19583066834608,30.65880895364752
197,16:47:34,104.19561975145777,30.65893410983118
198,16:47:35,104.19561975145777,30.65893410983118
199,16:47:35,104.19581469737653,30.658818430677133
200,16:47:36,104.19581469737653,30.658818430677133
201,16:47:36,104.19583864393115,30.658804221007102
202,16:47:37,104.19583864393115,30.658804221007102
203,16:47:38,104.19569233097292,30.658891041799976
204,16:47:38,104.1956068976003,30.658941737194542
205,16:47:39,104.19579659776292,30.658829170824994
206,16:47:40,104.19579659776292,30.658829170824994
207,16:47:40,104.19578184571546,30.65883792455721
208,16:47:41,104.19578184571546,30.65883792455721
209,16:47:41,104.19560613952902,30.65894218702723
210,16:47:42,104.19560613952902,30.65894218702723
211,16:47:42,104.19577363565978,30.658842796330376
212,16:47:43,104.19577363565978,30.658842796330376
213,16:47:44,104.19579848603118,30.658828050343594
214,16:47:44,104.19579848603118,30.658828050343594
215,16:47:45,104.19563536701811,30.658924843698188
216,16:47:46,104.19563536701811,30.658924843698188
217,16:47:46,104.19578184571546,30.65883792455721
218,16:47:47,104.19578184571546,30.65883792455721
219,16:47:47,104.19580815491875,30.65882231291271
220,16:47:48,104.19580815491875,30.65882231291271
221,16:47:48,104.19578184571546,30.65883792455721
222,16:47:49,104.19578184571546,30.65883792455721
223,16:47:50,104.19578184571546,30.65883792455721
224,16:47:50,104.19578184571546,30.65883792455721
225,16:47:51,104.19579848603118,30.658828050343594
226,16:47:52,104.19579848603118,30.658828050343594
227,16:47:52,104.19564743534028,30.658917682464406
228,16:47:53,104.19564743534028,30.658917682464406
229,16:47:53,104.19560613952902,30.65894218702723
230,16:47:54,104.19560613952902,30.65894218702723
231,16:47:54,104.19579848603118,30.658828050343594
232,16:47:55,104.19579848603118,30.658828050343594
233,16:47:56,104.19580815491875,30.65882231291271
234,16:47:56,104.19580815491875,30.65882231291271
235,16:47:57,104.19579608534369,30.65882947488995
236,16:47:58,104.19579608534369,30.65882947488995
237,16:47:58,104.19578184571546,30.65883792455721
238,16:47:59,104.19578184571546,30.65883792455721
239,16:47:59,104.19561732910263,30.658935547234925
240,16:48:00,104.19561732910263,30.658935547234925
241,16:48:00,104.19563426006175,30.658927889067016
242,16:48:01,104.19563426006175,30.658927889067016
243,16:48:02,104.19580402455811,30.658828568831858
244,16:48:02,104.19580402455811,30.658828568831858
245,16:48:03,104.19563426006175,30.658927889067016
246,16:48:04,104.19563536701811,30.658924843698188
247,16:48:04,104.19566565377141,30.658906871811297
248,16:48:05,104.19566565377141,30.658906871811297
249,16:48:05,104.19578184571546,30.65883792455721
250,16:48:06,104.19578184571546,30.65883792455721
251,16:48:06,104.19578184571546,30.65883792455721
252,16:48:07,104.19578184571546,30.65883792455721
253,16:48:08,104.19563536701811,30.658924843698188
254,16:48:08,104.19563536701811,30.658924843698188
255,16:48:09,104.19580815491875,30.65882231291271
256,16:48:10,104.19580815491875,30.65882231291271
257,16:48:10,104.19580815491875,30.65882231291271
258,16:48:11,104.19580815491875,30.65882231291271
259,16:48:11,104.19563536701811,30.658924843698188
260,16:48:12,104.19563536701811,30.658924843698188
261,16:48:12,104.19580815491875,30.65882231291271
262,16:48:13,104.19580815491875,30.65882231291271
263,16:48:14,104.19563536701811,30.658924843698188
264,16:48:14,104.19563536701811,30.658924843698188
265,16:48:15,104.19580815491875,30.65882231291271
266,16:48:16,104.19580815491875,30.65882231291271
267,16:48:16,104.19578184571546,30.65883792455721
268,16:48:17,104.19578184571546,30.65883792455721
269,16:48:17,104.19579848603118,30.658828050343594
270,16:48:18,104.19579848603118,30.658828050343594
271,16:48:18,104.19564743534028,30.658917682464406
272,16:48:19,104.19564743534028,30.658917682464406
273,16:48:20,104.19579848603118,30.658828050343594
274,16:48:20,104.19579848603118,30.658828050343594
275,16:48:21,104.19578313477528,30.65883715964071
276,16:48:22,104.19578313477528,30.65883715964071
277,16:48:22,104.19564743534028,30.658917682464406
278,16:48:23,104.19564743534028,30.658917682464406
279,16:48:23,104.19580108501003,30.658826508132933
280,16:48:24,104.19580108501003,30.658826508132933
281,16:48:24,104.19563536701811,30.658924843698188
282,16:48:25,104.19563536701811,30.658924843698188
283,16:48:26,104.19580815491875,30.65882231291271
284,16:48:26,104.19580815491875,30.65882231291271
285,16:48:27,104.19577363565978,30.658842796330376
286,16:48:28,104.19577363565978,30.658842796330376
287,16:48:28,104.19579848603118,30.658828050343594
288,16:48:29,104.19579848603118,30.658828050343594
289,16:48:29,104.19577363565978,30.658842796330376
290,16:48:30,104.19577363565978,30.658842796330376
291,16:48:30,104.19563536701811,30.658924843698188
292,16:48:31,104.19563536701811,30.658924843698188
293,16:48:32,104.19563464714649,30.65892527086353
294,16:48:32,104.19563464714649,30.65892527086353
295,16:48:33,104.19580108501003,30.658826508132933
296,16:48:34,104.19580108501003,30.658826508132933
297,16:48:34,104.19578313477528,30.65883715964071
298,16:48:35,104.19578313477528,30.65883715964071
299,16:48:35,104.19580108501003,30.658826508132933
300,16:48:36,104.19580108501003,30.658826508132933
301,16:48:36,104.19580108501003,30.658826508132933
302,16:48:37,104.19580108501003,30.658826508132933
303,16:48:38,104.19580108501003,30.658826508132933
304,16:48:38,104.19580108501003,30.658826508132933
305,16:48:39,104.19560772804824,30.658941244414205
306,16:48:40,104.19560772804824,30.658941244414205
307,16:48:40,104.19580108501003,30.658826508132933
308,16:48:41,104.19580108501003,30.658826508132933
309,16:48:41,104.19580108501003,30.658826508132933
310,16:48:42,104.19580108501003,30.658826508132933
311,16:48:42,104.19559852226001,30.658946707046113
312,16:48:43,104.19559852226001,30.658946707046113
313,16:48:44,104.19578281184694,30.65883735126349
314,16:48:44,104.19578281184694,30.65883735126349
315,16:48:45,104.19578688060994,30.658834936896135
316,16:48:46,104.19578688060994,30.658834936896135
317,16:48:46,104.19577833691096,30.65884000665023
318,16:48:47,104.19577833691096,30.65884000665023
319,16:48:47,104.19563536701811,30.658924843698188
320,16:48:48,104.19563536701811,30.658924843698188
321,16:48:48,104.19563884395028,30.658922780517926
322,16:48:49,104.19563884395028,30.658922780517926
323,16:48:50,104.19579002036957,30.658833073791016
324,16:48:50,104.19579002036957,30.658833073791016
325,16:48:51,104.19560219166073,30.658944529656736
326,16:48:52,104.19560219166073,30.658944529656736
327,16:48:52,104.1957713202778,30.65884417025721
328,16:48:53,104.1957713202778,30.65884417025721
329,16:48:53,104.19564743534028,30.658917682464406
330,16:48:54,104.19564743534028,30.658917682464406
331,16:48:54,104.19578688060994,30.658834936896135
332,16:48:55,104.19578688060994,30.658834936896135
333,16:48:56,104.1957916896902,30.658832083231175
334,16:48:56,104.1957916896902,30.658832083231175
335,16:48:57,104.19580108501003,30.658826508132933
336,16:48:58,104.19580108501003,30.658826508132933
337,16:48:58,104.19577944765285,30.658839347545985
338,16:48:59,104.19577944765285,30.658839347545985
339,16:48:59,104.19576436152067,30.658848299521072
340,16:49:00,104.19576436152067,30.658848299521072
341,16:49:00,104.19563536701811,30.658924843698188
342,16:49:01,104.19563536701811,30.658924843698188
343,16:49:02,104.1957713202778,30.65884417025721
344,16:49:02,104.1957713202778,30.65884417025721
345,16:49:03,104.19576436152067,30.658848299521072
346,16:49:04,104.19576436152067,30.658848299521072
347,16:49:04,104.1957713202778,30.65884417025721
348,16:49:05,104.1957713202778,30.65884417025721
349,16:49:05,104.19563536701811,30.658924843698188
350,16:49:06,104.19563536701811,30.658924843698188
351,16:49:06,104.19563536701811,30.658924843698188
352,16:49:07,104.19563536701811,30.658924843698188
353,16:49:08,104.19578184571546,30.65883792455721
354,16:49:08,104.19578184571546,30.65883792455721
355,16:49:09,104.19577363565978,30.658842796330376
356,16:49:10,104.19577363565978,30.658842796330376
357,16:49:10,104.19580108501003,30.658826508132933
358,16:49:11,104.19580108501003,30.658826508132933
359,16:49:11,104.19563536701811,30.658924843698188
360,16:49:12,104.19563536701811,30.658924843698188
361,16:49:12,104.19563536701811,30.658924843698188
362,16:49:13,104.19563536701811,30.658924843698188
363,16:49:14,104.1957713202778,30.65884417025721
364,16:49:14,104.1957713202778,30.65884417025721
365,16:49:15,104.1957713202778,30.65884417025721
366,16:49:16,104.1957713202778,30.65884417025721
367,16:49:16,104.19563464714649,30.65892527086353
368,16:49:17,104.19563464714649,30.65892527086353
369,16:49:17,104.19577363565978,30.658842796330376
370,16:49:18,104.19577363565978,30.658842796330376
371,16:49:18,104.19563536701811,30.658924843698188
372,16:49:19,104.19563536701811,30.658924843698188
373,16:49:20,104.19566565377141,30.658906871811297
374,16:49:20,104.19566565377141,30.658906871811297
375,16:49:21,104.19566565377141,30.658906871811297
376,16:49:22,104.19566565377141,30.658906871811297
377,16:49:22,104.19577363565978,30.658842796330376
378,16:49:23,104.19577363565978,30.658842796330376
379,16:49:23,104.19578184571546,30.65883792455721
380,16:49:24,104.19578184571546,30.65883792455721
381,16:49:24,104.19564130727773,30.658921318801575
382,16:49:25,104.19564130727773,30.658921318801575
383,16:49:26,104.19566565377141,30.658906871811297
384,16:49:26,104.19566565377141,30.658906871811297
385,16:49:27,104.19561732910263,30.658935547234925
386,16:49:28,104.19561732910263,30.658935547234925
387,16:49:28,104.19560613952902,30.65894218702723
388,16:49:29,104.19560613952902,30.65894218702723
389,16:49:29,104.19563536701811,30.658924843698188
390,16:49:30,104.19563536701811,30.658924843698188
391,16:49:30,104.19576480897126,30.658848034007917
392,16:49:31,104.19576480897126,30.658848034007917
393,16:49:32,104.19577912975896,30.658839536181354
394,16:49:32,104.19577912975896,30.658839536181354
395,16:49:33,104.1956318729336,30.658926917056498
396,16:49:34,104.1956318729336,30.658926917056498
397,16:49:34,104.19578184571546,30.65883792455721
398,16:49:35,104.19578184571546,30.65883792455721
399,16:49:35,104.19562636527908,30.658930185249126
400,16:49:36,104.19562636527908,30.658930185249126
401,16:49:36,104.19579848603118,30.658828050343594
402,16:49:37,104.19579848603118,30.658828050343594
403,16:49:38,104.19560613952902,30.65894218702723
404,16:49:38,104.19560613952902,30.65894218702723
405,16:49:39,104.19560613952902,30.65894218702723
406,16:49:40,104.19560613952902,30.65894218702723
407,16:49:40,104.19564130727773,30.658921318801575
408,16:49:41,104.19564130727773,30.658921318801575
409,16:49:41,104.19561732910263,30.658935547234925
410,16:49:42,104.19561732910263,30.658935547234925
411,16:49:42,104.19563536701811,30.658924843698188
412,16:49:43,104.19563536701811,30.658924843698188
413,16:49:44,104.19578184571546,30.65883792455721
414,16:49:44,104.19578184571546,30.65883792455721
415,16:49:45,104.19561493711454,30.65893696661913
416,16:49:46,104.19561493711454,30.65893696661913
417,16:49:46,104.19560613952902,30.65894218702723
418,16:49:47,104.19560613952902,30.65894218702723
419,16:49:47,104.19560613952902,30.65894218702723
420,16:49:48,104.19560613952902,30.65894218702723
421,16:49:48,104.19562636527908,30.658930185249126
422,16:49:49,104.19562636527908,30.658930185249126
423,16:49:50,104.19561732910263,30.658935547234925
424,16:49:50,104.19561732910263,30.658935547234925
425,16:49:51,104.19561732910263,30.658935547234925
426,16:49:52,104.19561732910263,30.658935547234925
427,16:49:52,104.19560613952902,30.65894218702723
428,16:49:53,104.19560613952902,30.65894218702723
429,16:49:53,104.19560613952902,30.65894218702723
430,16:49:54,104.19560613952902,30.65894218702723
431,16:49:54,104.19561820640678,30.65893502665054
432,16:49:55,104.19561820640678,30.65893502665054
433,16:49:56,104.19566565377141,30.658906871811297
434,16:49:56,104.19566565377141,30.658906871811297
435,16:49:57,104.19561732910263,30.658935547234925
436,16:49:58,104.19561732910263,30.658935547234925
437,16:49:58,104.19562636527908,30.658930185249126
438,16:49:59,104.19562636527908,30.658930185249126
439,16:49:59,104.19563464714649,30.65892527086353
440,16:50:00,104.19563464714649,30.65892527086353
441,16:50:00,104.19566565377141,30.658906871811297
442,16:50:01,104.19566565377141,30.658906871811297
443,16:50:02,104.19561982534435,30.65893406598755
444,16:50:02,104.19561982534435,30.65893406598755
445,16:50:03,104.19578184571546,30.65883792455721
446,16:50:04,104.19578184571546,30.65883792455721
447,16:50:04,104.19578184571546,30.65883792455721
448,16:50:05,104.19578184571546,30.65883792455721
449,16:50:05,104.19579848603118,30.658828050343594
450,16:50:06,104.19579848603118,30.658828050343594
451,16:50:06,104.19581469737653,30.658818430677133
452,16:50:07,104.19581469737653,30.658818430677133
453,16:50:08,104.19580038921055,30.65882692101409
454,16:50:08,104.19580038921055,30.65882692101409
455,16:50:09,104.19567562936706,30.65890095238261
456,16:50:10,104.19567562936706,30.65890095238261
457,16:50:10,104.19565966386833,30.65891042616589
458,16:50:11,104.19565966386833,30.65891042616589
459,16:50:11,104.19561087491961,30.658939377089055
460,16:50:12,104.19561087491961,30.658939377089055
461,16:50:12,104.19583864393115,30.658804221007102
462,16:50:13,104.19583864393115,30.658804221007102
463,16:50:14,104.19591237208647,30.658760471383154
464,16:50:14,104.19591237208647,30.658760471383154
465,16:50:15,104.19592904955246,30.658750575124895
466,16:50:16,104.19592904955246,30.658750575124895
467,16:50:16,104.19592904955246,30.658750575124895
468,16:50:17,104.19592904955246,30.658750575124895
469,16:50:17,104.19589039508888,30.658773512335763
470,16:50:18,104.19589039508888,30.658773512335763
471,16:50:18,104.19589039508888,30.658773512335763
472,16:50:19,104.19589039508888,30.658773512335763
473,16:50:20,104.1959321607838,30.65874872894822
474,16:50:20,104.1959321607838,30.65874872894822
475,16:50:21,104.19589039508888,30.658773512335763
476,16:50:22,104.19589039508888,30.658773512335763
477,16:50:22,104.19598078801039,30.658719873989504
478,16:50:23,104.19598078801039,30.658719873989504
479,16:50:23,104.19589039508888,30.658773512335763
480,16:50:24,104.19589039508888,30.658773512335763
481,16:50:24,104.19598078801039,30.658719873989504
482,16:50:25,104.19598078801039,30.658719873989504
483,16:50:26,104.19589039508888,30.658773512335763
484,16:50:26,104.19589039508888,30.658773512335763
485,16:50:27,104.19598078801039,30.658719873989504
486,16:50:28,104.19598078801039,30.658719873989504
487,16:50:28,104.19596997898162,30.658726287969913
488,16:50:29,104.19596997898162,30.658726287969913
489,16:50:29,104.19591237208647,30.658760471383154
490,16:50:30,104.19591237208647,30.658760471383154
491,16:50:30,104.19593848295041,30.658744977431432
492,16:50:31,104.19593848295041,30.658744977431432
493,16:50:32,104.19591237208647,30.658760471383154
494,16:50:32,104.19591237208647,30.658760471383154
495,16:50:33,104.19591237208647,30.658760471383154
496,16:50:34,104.19591237208647,30.658760471383154
497,16:50:34,104.19590972746977,30.658762040674908
498,16:50:35,104.19590972746977,30.658762040674908
499,16:50:35,104.19591237208647,30.658760471383154
500,16:50:36,104.19591237208647,30.658760471383154
501,16:50:36,104.19591237208647,30.658760471383154
502,16:50:37,104.19591237208647,30.658760471383154
503,16:50:38,104.19591237208647,30.658760471383154
504,16:50:38,104.19591237208647,30.658760471383154
505,16:50:39,104.19591237208647,30.658760471383154
506,16:50:40,104.19591237208647,30.658760471383154
507,16:50:40,104.19590972746977,30.658762040674908
508,16:50:41,104.19590972746977,30.658762040674908
509,16:50:41,104.19590972746977,30.658762040674908
510,16:50:42,104.19590972746977,30.658762040674908
511,16:50:42,104.19590972746977,30.658762040674908
512,16:50:43,104.19590972746977,30.658762040674908
513,16:50:44,104.19591237208647,30.658760471383154
514,16:50:44,104.19591237208647,30.658760471383154
515,16:50:45,104.19591237208647,30.658760471383154
516,16:50:46,104.19591237208647,30.658760471383154
517,16:50:46,104.19591237208647,30.658760471383154
518,16:50:47,104.19591237208647,30.658760471383154
519,16:50:47,104.19590972746977,30.658762040674908
520,16:50:48,104.19590972746977,30.658762040674908
521,16:50:48,104.19591237208647,30.658760471383154
522,16:50:49,104.19591237208647,30.658760471383154
523,16:50:50,104.19591237208647,30.658760471383154
524,16:50:50,104.19591237208647,30.658760471383154
525,16:50:51,104.19591237208647,30.658760471383154
526,16:50:52,104.19591237208647,30.658760471383154
527,16:50:52,104.19590972746977,30.658762040674908
528,16:50:53,104.19590972746977,30.658762040674908
529,16:50:53,104.19591237208647,30.658760471383154
530,16:50:54,104.19591237208647,30.658760471383154
531,16:50:54,104.19590972746977,30.658762040674908
532,16:50:55,104.19590972746977,30.658762040674908
533,16:50:56,104.19591237208647,30.658760471383154
534,16:50:56,104.19591237208647,30.658760471383154
535,16:50:57,104.19591237208647,30.658760471383154
536,16:50:58,104.19591237208647,30.658760471383154
537,16:50:58,104.19591237208647,30.658760471383154
538,16:50:59,104.19591237208647,30.658760471383154
539,16:50:59,104.19590972746977,30.658762040674908
540,16:51:00,104.19590972746977,30.658762040674908
541,16:51:00,104.19590972746977,30.658762040674908
542,16:51:01,104.19590972746977,30.658762040674908
543,16:51:02,104.19591237208647,30.658760471383154
544,16:51:02,104.19590557640616,30.658769156212347
545,16:51:03,104.19590557640616,30.658769156212347
546,16:51:04,104.19590557640616,30.658769156212347
547,16:51:04,104.19590557640616,30.658769156212347
548,16:51:05,104.19591237208647,30.658760471383154
549,16:51:05,104.19591237208647,30.658760471383154
550,16:51:06,104.19591237208647,30.658760471383154
551,16:51:06,104.19591237208647,30.658760471383154
552,16:51:07,104.19591237208647,30.658760471383154
553,16:51:08,104.19591237208647,30.658760471383154
554,16:51:08,104.19591237208647,30.658760471383154
555,16:51:09,104.1959321607838,30.65874872894822
556,16:51:10,104.1959321607838,30.65874872894822
557,16:51:10,104.19591237208647,30.658760471383154
558,16:51:11,104.19590894871524,30.658764846426266
559,16:51:11,104.19590894871524,30.658764846426266
560,16:51:12,104.19567893575949,30.65905880128371
561,16:51:12,104.19568692388401,30.659057918716258
562,16:51:13,104.19568692388401,30.659057918716258
563,16:51:14,104.19567827543804,30.659058874239285
564,16:51:14,104.19740660521563,30.656842318676972
565,16:51:15,104.19821699396064,30.65595538653187
566,16:51:16,104.19821699396064,30.65595538653187
567,16:51:16,104.19475927746218,30.66019545751649
568,16:51:17,104.19475927746218,30.66019545751649
569,16:51:17,104.19484708499542,30.66003137948268
570,16:51:18,104.19497501104237,30.659885448334382
571,16:51:18,104.19492404275513,30.65999341187794
572,16:51:19,104.19492404275513,30.65999341187794
573,16:51:20,104.1949443694987,30.659920402558
574,16:51:20,104.1949443694987,30.659920402558
575,16:51:21,104.19488557197984,30.660040587179356
576,16:51:22,104.19479919863295,30.660146503648253
577,16:51:22,104.19479919863295,30.660146503648253
578,16:51:23,104.19479919863295,30.660146503648253
579,16:51:23,104.19398112932674,30.661817929784196
580,16:51:24,104.19398112932674,30.661817929784196
581,16:51:24,104.19480673727199,30.660173464504403
582,16:51:25,104.19484917685915,30.660119227025667
583,16:51:26,104.19468862109473,30.66044877668917
584,16:51:26,104.19468862109473,30.66044877668917
585,16:51:27,104.19465101358631,30.6605259681982
586,16:51:28,104.19446470107522,30.66079749681078
587,16:51:28,104.19445295747917,30.660820126920886
588,16:51:29,104.19445295747917,30.660820126920886
589,16:51:29,104.19407704607755,30.66146160147104
590,16:51:30,104.19407704607755,30.66146160147104
591,16:51:30,104.19369498240509,30.662172920028162
592,16:51:31,104.19445783518091,30.660954345026788
593,16:51:32,104.19438445755503,30.661107583573134
594,16:51:32,104.19438445755503,30.661107583573134
595,16:51:33,104.19445783518091,30.660954345026788
596,16:51:34,104.19452261197733,30.660850871083618
597,16:51:34,104.19452261197733,30.660850871083618
598,16:51:35,104.19435363398068,30.661120795201374
599,16:51:35,104.19448083392184,30.660861700828193
600,16:51:36,104.19448083392184,30.660861700828193
601,16:51:36,104.19442232483347,30.660980878364292
602,16:51:37,104.19479061944925,30.66040282193232
603,16:51:38,104.19487087549604,30.660214563930516
604,16:51:38,104.19487087549604,30.660214563930516
1,17:29:48,104.20360155617257,30.6595935152789
2,17:29:51,104.20360155617257,30.6595935152789
3,17:29:52,104.20360155617257,30.6595935152789
4,17:29:53,104.20360155617257,30.6595935152789
5,17:29:55,104.19010612508566,30.658797753208244
6,17:29:56,104.19010612508566,30.658797753208244
7,17:29:57,104.19010612508566,30.658797753208244
8,17:29:58,104.19010612508566,30.658797753208244
9,17:29:59,104.19010612508566,30.658797753208244
10,17:30:01,104.19141465747884,30.65891457277213
11,17:30:02,104.19141465747884,30.65891457277213
12,17:30:03,104.19141465747884,30.65891457277213
13,17:30:04,104.1984542927722,30.659258683304458
14,17:30:05,104.1984542927722,30.659258683304458
15,17:30:07,104.20084806974617,30.6594866638144
16,17:30:08,104.20084806974617,30.6594866638144
17,17:30:09,104.20084806974617,30.6594866638144
18,17:30:10,104.20084806974617,30.6594866638144
19,17:30:11,104.20084806974617,30.6594866638144
20,17:30:13,104.19947112766741,30.659433230364996
21,17:30:14,104.19947112766741,30.659433230364996
22,17:30:15,104.19947112766741,30.659433230364996
23,17:30:16,104.19947112766741,30.659433230364996
24,17:30:18,104.19947112766741,30.659433230364996
25,17:30:19,104.20360155617257,30.6595935152789
26,17:30:20,104.20360155617257,30.6595935152789
27,17:30:21,104.19797852418756,30.659261951541
28,17:30:22,104.19797852418756,30.659261951541
29,17:30:24,104.19010612508566,30.658797753208244
30,17:30:25,-51127.98336662477,-4543.106584944489
31,17:30:26,104.1971492415451,30.659267648200945
1,17:34:03,104.19573708803765,30.658894474245983
2,17:34:03,104.19573708803765,30.658894474245983
3,17:34:04,104.1956493574097,30.658951669927518
4,17:34:05,104.1956493574097,30.658951669927518
5,17:34:06,104.19564718951233,30.65895278619982
6,17:34:07,104.19564718951233,30.65895278619982
7,17:34:07,104.19563184842136,30.658960685482786
8,17:34:08,104.19563609764651,30.65895067577527
9,17:34:08,104.1957373089673,30.658895813194263
10,17:34:09,104.1957373089673,30.658895813194263
11,17:34:12,104.1957213358408,30.658904471582858
12,17:34:12,104.1957213358408,30.658904471582858
13,17:34:12,104.19567242712006,30.65893120675235
14,17:34:13,104.19567242712006,30.65893120675235
15,17:34:13,104.19565058379455,30.658943032076504
16,17:34:13,104.19565058379455,30.658943032076504
17,17:34:14,104.19564322481327,30.65894701600921
18,17:34:14,104.19564629207358,30.65894006548377
19,17:34:14,104.19565193717239,30.658936909283952
20,17:34:14,104.19565193717239,30.658936909283952
21,17:34:15,104.1956674618565,30.6589282293641
22,17:34:15,104.1956674618565,30.6589282293641
23,17:34:16,104.1956569726309,30.658949778415774
24,17:34:17,104.1956569726309,30.658949778415774
25,17:34:18,104.1956569726309,30.658949778415774
26,17:34:18,104.1956569726309,30.658949778415774
27,17:34:19,104.19563046239882,30.658963254656683
28,17:34:19,104.19562715163329,30.65897107090221
29,17:34:20,104.1956398424349,30.658964898475894
30,17:34:20,104.1956398424349,30.658964898475894
31,17:34:21,104.19566126010002,30.65895448156418
32,17:34:21,104.19566126010002,30.65895448156418
33,17:34:22,104.19565503065651,30.65896676778823
34,17:34:23,104.19565503065651,30.65896676778823
35,17:34:24,104.19565503065651,30.65896676778823
36,17:34:24,104.19565503065651,30.65896676778823
37,17:34:25,104.19562933507193,30.65897849067744
38,17:34:25,104.19563410098306,30.658967690946337
39,17:34:26,104.19563410098306,30.658967690946337
40,17:34:26,104.19563410098306,30.658967690946337
41,17:34:27,104.19565575386976,30.65895715962989
42,17:34:27,104.19565575386976,30.65895715962989
43,17:34:28,104.1955816891045,30.65899318251642
44,17:34:29,104.1955816891045,30.65899318251642
45,17:34:30,104.19562715163329,30.65897107090221
46,17:34:30,104.19562715163329,30.65897107090221
47,17:34:31,104.19562766006823,30.658970823614666
48,17:34:31,104.1956299683311,30.658965390935876
49,17:34:32,104.19562944667946,30.658965652625312
50,17:34:32,104.19562944667946,30.658965652625312
51,17:34:33,104.19564782879546,30.658956431135252
52,17:34:33,104.19564782879546,30.658956431135252
53,17:34:34,104.19562491464058,30.65897635212317
54,17:34:35,104.19562491464058,30.65897635212317
55,17:34:36,104.1956829925949,30.658948984195995
56,17:34:36,104.1956829925949,30.658948984195995
57,17:34:37,104.19565275213401,30.658963234331708
58,17:34:37,104.19564983478426,30.658969138259103
59,17:34:38,104.19565233325086,30.658967998403845
60,17:34:38,104.19565233325086,30.658967998403845
61,17:34:39,104.19565071746007,30.658968735563036
62,17:34:39,104.19565071746007,30.658968735563036
63,17:34:40,104.19562273298853,30.658981502692683
64,17:34:41,104.19562273298853,30.658981502692683
65,17:34:42,104.19565503065651,30.65896676778823
66,17:34:42,104.19565503065651,30.65896676778823
67,17:34:43,104.19563478122956,30.658976006020897
68,17:34:43,104.19563478122956,30.658976006020897
69,17:34:44,104.19563478122956,30.658976006020897
70,17:34:44,104.19563478122956,30.658976006020897
71,17:34:45,104.19563478122956,30.658976006020897
72,17:34:45,104.19563478122956,30.658976006020897
73,17:34:46,104.19563986442344,30.65897368695636
74,17:34:47,104.19563986442344,30.65897368695636
75,17:34:48,104.19563478122956,30.658976006020897
76,17:34:48,104.19563478122956,30.658976006020897
77,17:34:49,104.19563478122956,30.658976006020897
78,17:34:49,104.19563478122956,30.658976006020897
79,17:34:50,104.19563478122956,30.658976006020897
80,17:34:50,104.19563478122956,30.658976006020897
81,17:34:51,104.19565412713467,30.658967179994715
82,17:34:52,104.19565412713467,30.658967179994715
83,17:34:52,104.19564622629525,30.658960117650427
84,17:34:53,104.19564622629525,30.658960117650427
85,17:34:54,104.19571783226422,30.658924888253345
86,17:34:54,104.19571783226422,30.658924888253345
87,17:34:55,104.19571783226422,30.658924888253345
88,17:34:55,104.19574014609134,30.65888915251761
89,17:34:56,104.19574014609134,30.65888915251761
90,17:34:56,104.19574014609134,30.65888915251761
91,17:34:57,104.19571306979546,30.65890418319737
92,17:34:57,104.19571306979546,30.65890418319737
93,17:34:58,104.19574014609134,30.65888915251761
94,17:34:59,104.19574014609134,30.65888915251761
95,17:35:00,104.19571306979546,30.65890418319737
96,17:35:00,104.19571306979546,30.65890418319737
97,17:35:01,104.19574014609134,30.65888915251761
98,17:35:01,104.19574468633962,30.658881881281136
99,17:35:02,104.19575200660259,30.658877729963653
100,17:35:02,104.19575200660259,30.658877729963653
101,17:35:03,104.19574468633962,30.658881881281136
102,17:35:04,104.19574468633962,30.658881881281136
103,17:35:04,104.19575200660259,30.658877729963653
104,17:35:05,104.19575200660259,30.658877729963653
105,17:35:06,104.19574468633962,30.658881881281136
106,17:35:06,104.19574468633962,30.658881881281136
107,17:35:07,104.19575200660259,30.658877729963653
108,17:35:07,104.19575200660259,30.658877729963653
109,17:35:08,104.19575200660259,30.658877729963653
110,17:35:08,104.19575200660259,30.658877729963653
111,17:35:09,104.19576508915304,30.65887031085579
112,17:35:09,104.19576508915304,30.65887031085579
113,17:35:10,104.19575200660259,30.658877729963653
114,17:35:11,104.19575200660259,30.658877729963653
115,17:35:12,104.19576508915304,30.65887031085579
116,17:35:12,104.19576508915304,30.65887031085579
117,17:35:13,104.19575200660259,30.658877729963653
118,17:35:13,104.19575200660259,30.658877729963653
119,17:35:14,104.19576508915304,30.65887031085579
120,17:35:14,104.19576508915304,30.65887031085579
121,17:35:15,104.19571943426517,30.658896201720005
122,17:35:15,104.19571943426517,30.658896201720005
123,17:35:16,104.19579273666383,30.658854631966157
124,17:35:17,104.19579273666383,30.658854631966157
125,17:35:18,104.19579786389899,30.658851724313656
126,17:35:18,104.19579786389899,30.658851724313656
127,17:35:19,104.19570135158762,30.658906456397453
128,17:35:19,104.19570135158762,30.658906456397453
129,17:35:20,104.19575200660259,30.658877729963653
130,17:35:20,104.19575200660259,30.658877729963653
131,17:35:21,104.19577089560173,30.658867018021624
132,17:35:21,104.19577089560173,30.658867018021624
133,17:35:22,104.19577253477712,30.658864554957166
134,17:35:23,104.19577253477712,30.658864554957166
135,17:35:24,104.19577253477712,30.658864554957166
136,17:35:24,104.19577253477712,30.658864554957166
137,17:35:25,104.19577253477712,30.658864554957166
138,17:35:25,104.19577294713056,30.65886393534494
139,17:35:26,104.19577294713056,30.65886393534494
140,17:35:26,104.19577294713056,30.65886393534494
141,17:35:27,104.19577294713056,30.65886393534494
142,17:35:27,104.19577294713056,30.65886393534494
143,17:35:28,104.19577294713056,30.65886393534494
144,17:35:29,104.19577294713056,30.65886393534494
145,17:35:30,104.19577294713056,30.65886393534494
146,17:35:30,104.19577294713056,30.65886393534494
147,17:35:31,104.19577294713056,30.65886393534494
148,17:35:31,104.19577294713056,30.65886393534494
149,17:35:32,104.19572331458076,30.658892306102576
150,17:35:32,104.19572331458076,30.658892306102576
151,17:35:33,104.19577054574972,30.658865308012558
152,17:35:33,104.19577054574972,30.658865308012558
153,17:35:34,104.19558882366198,30.658969183258293
154,17:35:35,104.19558882366198,30.658969183258293
155,17:35:36,104.19577054574972,30.658865308012558
156,17:35:36,104.19577054574972,30.658865308012558
157,17:35:37,104.19560577803736,30.658959491866728
158,17:35:37,104.19560577803736,30.658959491866728
159,17:35:38,104.19562115477787,30.65895070227643
160,17:35:38,104.19562115477787,30.65895070227643
161,17:35:39,104.19581637076948,30.65883911369988
162,17:35:39,104.19581637076948,30.65883911369988
163,17:35:40,104.1957964886443,30.658850478639962
164,17:35:41,104.1957964886443,30.658850478639962
165,17:35:42,104.19583993447372,30.65882564431044
166,17:35:42,104.19583993447372,30.65882564431044
167,17:35:43,104.19583993447372,30.65882564431044
168,17:35:43,104.19583575592824,30.658831163805623
169,17:35:44,104.19588835018146,30.65880143770075
170,17:35:44,104.19588835018146,30.65880143770075
171,17:35:45,104.19599528981057,30.658740995762017
172,17:35:45,104.19599528981057,30.658740995762017
173,17:35:46,104.19832060565633,30.656193141935354
174,17:35:47,104.19832060565633,30.656193141935354
175,17:35:48,104.1960489923234,30.658419740572818
176,17:35:48,104.19554966763172,30.658909170557244
177,17:35:49,104.19549576470888,30.658962005330142
178,17:35:49,104.19549541503994,30.658846046385055
179,17:35:50,104.19558496219601,30.658687626339677
180,17:35:50,104.19491940343971,30.65986508247578
181,17:35:51,104.19416479207183,30.661200083746674
182,17:35:51,104.1955363788974,30.658773576231425
183,17:35:52,104.19577621518316,30.6580873481603
184,17:35:53,104.19511137641857,30.6596701947987
185,17:35:54,104.19510140106148,30.659693944106465
186,17:35:54,104.19510140106148,30.659693944106465
187,17:35:55,104.19509245602453,30.659715240430366
188,17:35:55,104.1951938714102,30.65960580345503
189,17:35:56,104.1951938714102,30.65960580345503
190,17:35:56,104.1951938714102,30.65960580345503
191,17:35:57,104.19511262353524,30.65986882776155
192,17:35:57,104.19785350258705,30.650995761084495
193,17:35:58,104.19295804040084,30.66701941340898
194,17:35:59,104.19295804040084,30.66701941340898
195,17:36:00,104.1951483364785,30.659767878976936
196,17:36:00,104.1951483364785,30.659767878976936
197,17:36:01,104.19375267959904,30.664388557441313
198,17:36:01,104.15646103340575,30.773642760230135
199,17:36:02,104.1946352411288,30.661206169754152
200,17:36:02,104.1946352411288,30.661206169754152
201,17:36:03,104.19446740252411,30.661700514013987
202,17:36:04,104.19446740252411,30.661700514013987
203,17:36:04,104.201161925065,30.6472557562962
204,17:36:05,104.201161925065,30.6472557562962
205,17:36:06,104.20005314584056,30.649515888197726
206,17:36:06,104.20005314584056,30.649515888197726
207,17:36:07,104.19596704739365,30.657844977748706
208,17:36:07,104.19600099587612,30.657741469126485
209,17:36:08,104.19476629422331,30.660323151631175
210,17:36:08,104.19476629422331,30.660323151631175
211,17:36:09,104.19486548621727,30.66011574749041
212,17:36:09,104.19486548621727,30.66011574749041
213,17:36:10,104.19485120485453,30.66014560891015
214,17:36:11,104.19485120485453,30.66014560891015
215,17:36:12,104.19502792741642,30.659776093290603
216,17:36:12,104.19502792741642,30.659776093290603
217,17:36:13,104.19507458270283,30.659678540058696
218,17:36:13,104.19502376612982,30.65972663632555
219,17:36:14,104.19494716809129,30.659873058526024
220,17:36:14,104.19494716809129,30.659873058526024
221,17:36:15,104.1945616882645,30.66060992862815
222,17:36:15,104.1945616882645,30.66060992862815
223,17:36:16,104.19498354036398,30.65981351366675
224,17:36:17,104.19498354036398,30.65981351366675
225,17:36:18,104.19498186016742,30.65981677149656
226,17:36:18,104.19498186016742,30.65981677149656
227,17:36:19,104.1949718949558,30.65983609361877
228,17:36:19,104.19491873097282,30.6598925262959
229,17:36:20,104.19495322911146,30.659829384892106
230,17:36:20,104.19495322911146,30.659829384892106
231,17:36:21,104.19496067559523,30.659815755709303
232,17:36:21,104.19496067559523,30.659815755709303
233,17:36:22,104.19499079059577,30.659758017191074
234,17:36:23,104.19499079059577,30.659758017191074
235,17:36:24,104.1949484486784,30.659835204436824
236,17:36:24,104.1949484486784,30.659835204436824
237,17:36:25,104.19496804942202,30.659799473239268
238,17:36:25,104.19496804942202,30.659799473239268
239,17:36:26,104.19494965627791,30.659833003041935
240,17:36:26,104.19494965627791,30.659833003041935
241,17:36:27,104.19494965627791,30.659833003041935
242,17:36:27,104.19494965627791,30.659833003041935
243,17:36:28,104.19500487136784,30.65977708762761
244,17:36:29,104.19500487136784,30.65977708762761
245,17:36:30,104.19500487136784,30.65977708762761
246,17:36:30,104.19500487136784,30.65977708762761
247,17:36:31,104.19500487136784,30.65977708762761
248,17:36:31,104.19502876145093,30.659752894533007
249,17:36:32,104.19502876145093,30.659752894533007
250,17:36:32,104.19502876145093,30.659752894533007
251,17:36:33,104.1950645066037,30.65968055599533
252,17:36:33,104.1950645066037,30.65968055599533
253,17:36:34,104.19504552042255,30.659718978899548
254,17:36:35,104.19504552042255,30.659718978899548
255,17:36:36,104.1950645066037,30.65968055599533
256,17:36:36,104.1950645066037,30.65968055599533
257,17:36:37,104.1950645066037,30.65968055599533
258,17:36:37,104.19508058783308,30.659665615446787
259,17:36:38,104.19508058783308,30.659665615446787
260,17:36:38,104.19508058783308,30.659665615446787
261,17:36:39,104.19508058783308,30.659665615446787
262,17:36:40,104.19508058783308,30.659665615446787
263,17:36:40,104.19505614459153,30.659697478450134
264,17:36:41,104.19505614459153,30.659697478450134
1,17:36:47,104.19595819171582,30.657871978632
2,17:36:48,104.19595819171582,30.657871978632
3,17:36:48,104.19595819171582,30.657871978632
4,17:36:49,104.19595819171582,30.657871978632
5,17:36:49,104.19613884373263,30.657506387727743
6,17:36:50,104.19613884373263,30.657506387727743
7,17:36:50,104.19613884373263,30.657506387727743
8,17:36:50,104.19613884373263,30.657506387727743
9,17:36:51,104.19581406274828,30.658163656746055
10,17:36:51,104.19581406274828,30.658163656746055
11,17:36:51,104.19581406274828,30.658163656746055
12,17:36:52,104.19576102202029,30.658350075779772
13,17:36:52,104.19576102202029,30.658350075779772
14,17:36:53,104.19576102202029,30.658350075779772
15,17:36:53,104.19597572726303,30.657956678703865
16,17:36:54,104.19597572726303,30.657956678703865
17,17:36:54,104.19597572726303,30.657956678703865
18,17:36:55,104.19597572726303,30.657956678703865
19,17:36:55,104.19586217180657,30.658164742484473
20,17:36:55,104.19586217180657,30.658164742484473
21,17:36:55,104.19586217180657,30.658164742484473
22,17:36:56,104.19588919717728,30.658082342368683
23,17:36:56,104.19588919717728,30.658082342368683
24,17:36:56,104.19588919717728,30.658082342368683
25,17:36:57,104.19588919717728,30.658082342368683
26,17:36:57,104.19588919717728,30.658082342368683
1,17:37:17,104.19608069342132,30.657719835279053
2,17:37:19,104.19608069342132,30.657719835279053
3,17:37:20,104.19731374389814,30.65538564046528
4,17:37:22,104.19731374389814,30.65538564046528
5,17:37:23,104.19947315598293,30.650758640029533
6,17:37:24,104.19947315598293,30.650758640029533
7,17:37:25,104.19947315598293,30.650758640029533
8,17:37:26,104.19947315598293,30.650758640029533
9,17:37:28,104.19771468330165,30.654317313931877
10,17:37:29,104.19771468330165,30.654317313931877
11,17:37:30,104.19771468330165,30.654317313931877
12,17:37:31,104.19771468330165,30.654317313931877
13,17:37:32,104.19754809287147,30.654654447981564
14,17:37:33,104.19754809287147,30.654654447981564
15,17:37:35,104.19754809287147,30.654654447981564
16,17:37:36,104.19754809287147,30.654654447981564
17,17:37:37,104.19771468330165,30.654317313931877
18,17:37:38,104.19771468330165,30.654317313931877
19,17:37:39,104.19754809287147,30.654654447981564
20,17:37:41,104.19754809287147,30.654654447981564
21,17:37:42,104.19947315598293,30.650758640029533
22,17:37:43,104.19947315598293,30.650758640029533
23,17:37:44,104.19947315598293,30.650758640029533
24,17:37:45,104.19947315598293,30.650758640029533
25,17:37:47,104.19771468330165,30.654317313931877
26,17:37:48,104.19771468330165,30.654317313931877
27,17:37:49,104.19771468330165,30.654317313931877
28,17:37:50,104.19771468330165,30.654317313931877
29,17:37:51,104.19771468330165,30.654317313931877
30,17:37:53,104.19771468330165,30.654317313931877
31,17:37:54,104.19622889443005,30.65732414943073
32,17:37:55,104.19622889443005,30.65732414943073
33,17:37:56,104.19771468330165,30.654317313931877
34,17:37:57,104.19771468330165,30.654317313931877
35,17:37:59,104.19771468330165,30.654317313931877
36,17:38:00,104.19771468330165,30.654317313931877
37,17:38:01,104.19771468330165,30.654317313931877
38,17:38:02,104.19771468330165,30.654317313931877
39,17:38:03,104.19771468330165,30.654317313931877
40,17:38:05,104.19771468330165,30.654317313931877
41,17:38:06,104.19771468330165,30.654317313931877
42,17:38:07,104.19771468330165,30.654317313931877
43,17:38:08,104.19947315598293,30.650758640029533
44,17:38:09,104.19947315598293,30.650758640029533
45,17:38:11,104.19947315598293,30.650758640029533
46,17:38:12,104.19947315598293,30.650758640029533
47,17:38:13,104.19678354146589,30.656201693590198
48,17:38:14,104.19678354146589,30.656201693590198
49,17:38:15,104.19622889443005,30.65732414943073
50,17:38:17,104.19622889443005,30.65732414943073
51,17:38:18,104.19595819171582,30.657871978632
52,17:38:19,104.19595819171582,30.657871978632
53,17:38:20,104.19595819171582,30.657871978632
54,17:38:21,104.19595819171582,30.657871978632
55,17:38:23,104.19595819171582,30.657871978632
56,17:38:24,104.19595819171582,30.657871978632
57,17:38:25,104.19595819171582,30.657871978632
58,17:38:26,104.19595819171582,30.657871978632
59,17:38:27,104.19595819171582,30.657871978632
60,17:38:29,104.19595819171582,30.657871978632
61,17:38:30,104.19595819171582,30.657871978632
62,17:38:31,104.19595819171582,30.657871978632
63,17:38:32,104.19595819171582,30.657871978632
64,17:38:33,104.19595819171582,30.657871978632
65,17:38:35,104.19595819171582,30.657871978632
66,17:38:36,104.19595819171582,30.657871978632
67,17:38:37,104.19613884373263,30.657506387727743
68,17:38:38,104.19613884373263,30.657506387727743
69,17:38:39,104.19613884373263,30.657506387727743
70,17:38:41,104.19613884373263,30.657506387727743
71,17:38:42,104.19613884373263,30.657506387727743
72,17:38:43,104.19613884373263,30.657506387727743
73,17:38:44,104.19595819171582,30.657871978632
74,17:38:45,104.19595819171582,30.657871978632
75,17:38:47,104.19595819171582,30.657871978632
76,17:38:48,104.19595819171582,30.657871978632
77,17:38:49,104.19595819171582,30.657871978632
78,17:38:50,104.19595819171582,30.657871978632
79,17:38:51,104.19622889443005,30.65732414943073
80,17:38:53,104.19622889443005,30.65732414943073
81,17:38:54,104.19595819171582,30.657871978632
82,17:38:55,104.19595819171582,30.657871978632
83,17:38:56,104.19595819171582,30.657871978632
84,17:38:57,104.19595819171582,30.657871978632
85,17:38:59,104.19595819171582,30.657871978632
86,17:39:00,104.19595819171582,30.657871978632
87,17:39:01,104.19595819171582,30.657871978632
88,17:39:02,104.19595819171582,30.657871978632
89,17:39:03,104.19595819171582,30.657871978632
90,17:39:05,104.19595819171582,30.657871978632
91,17:39:06,104.19595819171582,30.657871978632
92,17:39:07,104.19595819171582,30.657871978632
93,17:39:08,104.19595819171582,30.657871978632
94,17:39:09,104.19595819171582,30.657871978632
95,17:39:11,104.19595819171582,30.657871978632
96,17:39:12,104.19595819171582,30.657871978632
97,17:39:13,104.19595819171582,30.657871978632
98,17:39:14,104.19595819171582,30.657871978632
99,17:39:15,104.19595819171582,30.657871978632
100,17:39:17,104.19595819171582,30.657871978632
101,17:39:18,104.19613884373263,30.657506387727743
102,17:39:19,104.19613884373263,30.657506387727743
103,17:39:20,104.19613884373263,30.657506387727743
104,17:39:21,104.19613884373263,30.657506387727743
105,17:39:23,104.19595819171582,30.657871978632
106,17:39:24,104.19595819171582,30.657871978632
107,17:39:25,104.19584978180933,30.658091371011004
108,17:39:26,104.19584978180933,30.658091371011004
109,17:39:27,104.19595819171582,30.657871978632
110,17:39:29,104.19595819171582,30.657871978632
111,17:39:30,104.19595819171582,30.657871978632
112,17:39:31,104.19595819171582,30.657871978632
113,17:39:32,104.19595819171582,30.657871978632
114,17:39:33,104.19595819171582,30.657871978632
115,17:39:35,104.19584978180933,30.658091371011004
116,17:39:36,104.19584978180933,30.658091371011004
117,17:39:37,104.19595819171582,30.657871978632
118,17:39:38,104.19595819171582,30.657871978632
119,17:39:39,104.19584978180933,30.658091371011004
120,17:39:41,104.1958051894103,30.65824137113327
121,17:39:42,104.1958051894103,30.65824137113327
122,17:39:43,104.1958051894103,30.65824137113327
123,17:39:44,104.19601969134851,30.657835313699994
124,17:39:45,104.19601969134851,30.657835313699994
125,17:39:47,104.19449236657496,30.660726576979453
126,17:39:48,104.19449236657496,30.660726576979453
127,17:39:49,104.1946429768127,30.660441468103194
128,17:39:50,104.1946429768127,30.660441468103194
129,17:39:51,104.19470499793368,30.660324060599066
130,17:39:53,104.19470499793368,30.660324060599066
131,17:39:54,104.19476805141578,30.660204698810034
132,17:39:55,104.19476805141578,30.660204698810034
133,17:39:56,104.1948231916762,30.660100316943797
134,17:39:57,104.1948231916762,30.660100316943797
135,17:39:59,104.1949084767046,30.65999631838155
136,17:40:00,104.1949084767046,30.65999631838155
137,17:40:01,104.1949084767046,30.65999631838155
138,17:40:02,104.1949084767046,30.65999631838155
139,17:40:03,104.1949084767046,30.65999631838155
140,17:40:05,104.1949084767046,30.65999631838155
141,17:40:06,104.19494267334764,30.65992711360944
142,17:40:07,104.19494267334764,30.65992711360944
143,17:40:08,104.1949084767046,30.65999631838155
144,17:40:09,104.1949084767046,30.65999631838155
145,17:40:11,104.1948231916762,30.660100316943797
146,17:40:12,104.1948231916762,30.660100316943797
147,17:40:13,104.1948231916762,30.660100316943797
148,17:40:14,104.1948231916762,30.660100316943797
149,17:40:15,104.19478817083649,30.660166612252866
150,17:40:17,104.19488307547932,30.66004772360293
151,17:40:18,104.1949084767046,30.65999631838155
152,17:40:19,104.1949084767046,30.65999631838155
153,17:40:20,104.19494267334764,30.65992711360944
154,17:40:21,104.19494267334764,30.65992711360944
155,17:40:23,104.19495249692503,30.659907233341272
156,17:40:24,104.19495249692503,30.659907233341272
157,17:40:25,104.19495249692503,30.659907233341272
158,17:40:26,104.19495249692503,30.659907233341272
159,17:40:27,104.19495249692503,30.659907233341272
160,17:40:29,104.1948407920994,30.66003618160301
1,17:40:34,104.1949017189883,30.65992039037777
2,17:40:35,104.19493679988769,30.65988257442708
3,17:40:37,104.19496842160754,30.65982291978282
4,17:40:37,104.19496842160754,30.65982291978282
5,17:40:38,104.19496842160754,30.65982291978282
6,17:40:38,104.19496842160754,30.65982291978282
7,17:40:38,104.19496842160754,30.65982291978282
8,17:40:39,104.19496842160754,30.65982291978282
9,17:40:39,104.19496842160754,30.65982291978282
10,17:40:40,104.19496842160754,30.65982291978282
11,17:40:41,104.19496842160754,30.65982291978282
12,17:40:41,104.19496842160754,30.65982291978282
13,17:40:42,104.19496253297515,30.65983402873804
14,17:40:43,104.19496253297515,30.65983402873804
15,17:40:43,104.19496253297515,30.65983402873804
16,17:40:44,104.19496253297515,30.65983402873804
17,17:40:44,104.19496253297515,30.65983402873804
18,17:40:45,104.19496253297515,30.65983402873804
19,17:40:45,104.19496253297515,30.65983402873804
20,17:40:46,104.19496253297515,30.65983402873804
21,17:40:47,104.19496253297515,30.65983402873804
22,17:40:47,104.19493128135541,30.659866499627526
23,17:40:48,104.19493128135541,30.659866499627526
24,17:40:49,104.19493128135541,30.659866499627526
25,17:40:49,104.19493128135541,30.659866499627526
26,17:40:50,104.19493128135541,30.659866499627526
27,17:40:50,104.19493128135541,30.659866499627526
28,17:40:51,104.19493128135541,30.659866499627526
29,17:40:51,104.19493128135541,30.659866499627526
30,17:40:52,104.19493128135541,30.659866499627526
31,17:40:53,104.19493128135541,30.659866499627526
32,17:40:53,104.19496253297515,30.65983402873804
33,17:40:54,104.19496253297515,30.65983402873804
34,17:40:55,104.19496253297515,30.65983402873804
35,17:40:55,104.19496253297515,30.65983402873804
36,17:40:56,104.19496253297515,30.65983402873804
37,17:40:56,104.1949159476128,30.659921912421538
38,17:40:57,104.1949159476128,30.659921912421538
39,17:40:57,104.1949159476128,30.659921912421538
40,17:40:58,104.1949159476128,30.659921912421538
41,17:40:59,104.19490011708459,30.65995177684808
42,17:40:59,104.19496870592835,30.659874430695137
43,17:41:00,104.19495249692503,30.659907233341272
44,17:41:01,104.19495249692503,30.659907233341272
45,17:41:01,104.19495249692503,30.659907233341272
46,17:41:02,104.19495249692503,30.659907233341272
47,17:41:02,104.19495249692503,30.659907233341272
48,17:41:02,104.19495249692503,30.659907233341272
49,17:41:03,104.19495249692503,30.659907233341272
50,17:41:04,104.19495249692503,30.659907233341272
51,17:41:05,104.1949084767046,30.65999631838155
52,17:41:05,104.1949084767046,30.65999631838155
53,17:41:06,104.19494267334764,30.65992711360944
54,17:41:07,104.19494267334764,30.65992711360944
55,17:41:07,104.19495249692503,30.659907233341272
56,17:41:08,104.19495249692503,30.659907233341272
57,17:41:08,104.19495249692503,30.659907233341272
58,17:41:09,104.19495249692503,30.659907233341272
59,17:41:09,104.19494267334764,30.65992711360944
60,17:41:10,104.19494267334764,30.65992711360944
61,17:41:11,104.1949084767046,30.65999631838155
62,17:41:11,104.1949084767046,30.65999631838155
63,17:41:12,104.1949084767046,30.65999631838155
64,17:41:13,104.1949084767046,30.65999631838155
65,17:41:13,104.1948686741098,30.660076868086342
66,17:41:14,104.1948686741098,30.660076868086342
67,17:41:14,104.1948686741098,30.660076868086342
68,17:41:15,104.1948686741098,30.660076868086342
69,17:41:15,104.1948244213874,30.660166423647823
70,17:41:16,104.1948244213874,30.660166423647823
71,17:41:17,104.19478215204569,30.660251965382315
72,17:41:17,104.19478215204569,30.660251965382315
73,17:41:18,104.18569894355971,30.678633926804224
74,17:41:19,104.19581406274828,30.658163656746055
75,17:41:19,104.19613884373263,30.657506387727743
76,17:41:20,104.19613884373263,30.657506387727743
77,17:41:20,104.19613884373263,30.657506387727743
78,17:41:21,104.19613884373263,30.657506387727743
79,17:41:21,104.19595819171582,30.657871978632
80,17:41:22,104.19595819171582,30.657871978632
81,17:41:23,104.19595819171582,30.657871978632
82,17:41:23,104.19595819171582,30.657871978632
83,17:41:24,104.19613884373263,30.657506387727743
84,17:41:24,104.19613884373263,30.657506387727743
85,17:41:25,104.19613884373263,30.657506387727743
86,17:41:25,104.19613884373263,30.657506387727743
87,17:41:26,104.19613884373263,30.657506387727743
88,17:41:26,104.19613884373263,30.657506387727743
89,17:41:27,104.19595819171582,30.657871978632
90,17:41:28,104.19595819171582,30.657871978632
91,17:41:28,104.19584978180933,30.658091371011004
92,17:41:29,104.19584978180933,30.658091371011004
93,17:41:30,104.19584978180933,30.658091371011004
94,17:41:30,104.19584978180933,30.658091371011004
95,17:41:31,104.19584978180933,30.658091371011004
96,17:41:31,104.19584978180933,30.658091371011004
97,17:41:32,104.19595819171582,30.657871978632
98,17:41:32,104.19595819171582,30.657871978632
99,17:41:33,104.19584978180933,30.658091371011004
100,17:41:34,104.19584978180933,30.658091371011004
101,17:41:34,104.19595819171582,30.657871978632
102,17:41:35,104.19595819171582,30.657871978632
103,17:41:36,104.19595819171582,30.657871978632
104,17:41:36,104.19595819171582,30.657871978632
105,17:41:37,104.19595819171582,30.657871978632
106,17:41:38,104.19595819171582,30.657871978632
107,17:41:38,104.19595819171582,30.657871978632
108,17:41:38,104.19595819171582,30.657871978632
109,17:41:39,104.19595819171582,30.657871978632
1,17:41:45,104.19678354146589,30.656201693590198
2,17:41:45,104.19678354146589,30.656201693590198
3,17:41:46,104.19584978180933,30.658091371011004
4,17:41:46,104.19584978180933,30.658091371011004
5,17:41:47,104.19584978180933,30.658091371011004
6,17:41:47,104.19584978180933,30.658091371011004
7,17:41:48,104.1946843832053,30.66044982311672
8,17:41:48,104.1946843832053,30.66044982311672
9,17:41:48,104.19595819171582,30.657871978632
10,17:41:49,104.19595819171582,30.657871978632
11,17:41:49,104.19584978180933,30.658091371011004
12,17:41:49,104.19584978180933,30.658091371011004
13,17:41:50,104.19584978180933,30.658091371011004
14,17:41:50,104.19584978180933,30.658091371011004
15,17:41:50,104.1946843832053,30.66044982311672
16,17:41:51,104.1946843832053,30.66044982311672
17,17:41:51,104.1948244213874,30.660166423647823
18,17:41:52,104.1948244213874,30.660166423647823
19,17:41:52,104.1948686741098,30.660076868086342
20,17:41:53,104.1948686741098,30.660076868086342
21,17:41:53,104.1948686741098,30.660076868086342
22,17:41:53,104.1948686741098,30.660076868086342
23,17:41:54,104.1948686741098,30.660076868086342
24,17:41:54,104.1948686741098,30.660076868086342
25,17:41:55,104.1948244213874,30.660166423647823
26,17:41:55,104.1948244213874,30.660166423647823
27,17:41:55,104.19473963777048,30.660338002796045
28,17:41:56,104.19473963777048,30.660338002796045
29,17:41:56,104.19613884373263,30.657506387727743
30,17:41:56,104.19613884373263,30.657506387727743
31,17:41:57,104.1946843832053,30.66044982311672
32,17:41:57,104.1946843832053,30.66044982311672
33,17:41:58,104.19495185027557,30.65985676305769
34,17:41:58,104.19495185027557,30.65985676305769
35,17:41:59,104.19498136365954,30.659800893497568
36,17:41:59,104.19498136365954,30.659800893497568
37,17:41:59,104.19479345934207,30.66015660098202
38,17:42:00,104.19499111228077,30.659909949523325
39,17:42:00,104.19481539521408,30.660305367204995
40,17:42:01,104.19481539521408,30.660305367204995
41,17:42:01,104.1950122437829,30.65986239711573
42,17:42:01,104.1950122437829,30.65986239711573
43,17:42:02,104.19494995773766,30.660013032547596
44,17:42:02,104.19494995773766,30.660013032547596
45,17:42:02,104.19488301635784,30.660165432575447
46,17:42:03,104.19488301635784,30.660165432575447
47,17:42:03,104.1923653919862,30.66589710445458
48,17:42:04,104.1956701996208,30.65862419717535
49,17:42:04,104.1956701996208,30.65862419717535
50,17:42:05,104.1956701996208,30.65862419717535
51,17:42:05,104.19576434603428,30.658483168857646
52,17:42:05,104.19576434603428,30.658483168857646
53,17:42:06,104.19594910967353,30.658304786439537
54,17:42:06,104.19594910967353,30.658304786439537
55,17:42:07,104.19580316288474,30.658499521984623
56,17:42:07,104.19580316288474,30.658499521984623
57,17:42:07,104.19572256630714,30.658607061304956
58,17:42:08,104.19559348526025,30.658991104677696
59,17:42:08,104.19574284588204,30.65892068666344
60,17:42:08,104.19574284588204,30.65892068666344
61,17:42:09,104.19583705473045,30.65887627067245
62,17:42:09,104.19583705473045,30.65887627067245
63,17:42:10,104.19569065019962,30.659031506873028
64,17:42:10,104.19569065019962,30.659031506873028
65,17:42:11,104.19567411141628,30.65903514308806
66,17:42:11,104.19567411141628,30.65903514308806
67,17:42:11,104.1955792901137,30.659055990488923
68,17:42:12,104.19554742284393,30.659142059828962
69,17:42:12,104.19552525998402,30.659138145884842
70,17:42:13,104.19550209986852,30.65913405582615
71,17:42:13,104.19547969481724,30.659130099111216
72,17:42:13,104.19545414518642,30.659125587065944
73,17:42:14,104.19543802166646,30.659129967289367
74,17:42:14,104.19543802166646,30.659129967289367
75,17:42:14,104.19543668526634,30.659129623985756
76,17:42:15,104.19543668526634,30.659129623985756
77,17:42:15,104.19546387626248,30.659136608995063
78,17:42:16,104.19561052636863,30.659131293031873
79,17:42:16,104.19556718480854,30.65912725629493
80,17:42:17,104.19556718480854,30.65912725629493
81,17:42:17,104.19558408968636,30.65912883077782
82,17:42:17,104.19558408968636,30.65912883077782
83,17:42:18,104.19574118042364,30.65898555045728
84,17:42:18,104.19445875366148,30.65938116374827
85,17:42:18,104.19496829454387,30.659223976491013
86,17:42:19,104.19534052513211,30.65910914781435
87,17:42:19,104.19529223810345,30.659124043784146
88,17:42:20,104.19673896409235,30.65851664656525
89,17:42:20,104.19612282180955,30.658778079845423
90,17:42:20,104.19612282180955,30.658778079845423
91,17:42:21,104.19602000244174,30.658821706788974
92,17:42:21,104.19602000244174,30.658821706788974
93,17:42:22,104.1956786549141,30.65910698887379
94,17:42:22,104.1956786549141,30.65910698887379
95,17:42:23,104.1956786549141,30.65910698887379
96,17:42:23,104.1956786549141,30.65910698887379
97,17:42:23,104.1956786549141,30.65910698887379
98,17:42:24,104.19579766403427,30.65899447083683
99,17:42:24,104.19579766403427,30.65899447083683
100,17:42:25,104.19579766403427,30.65899447083683
101,17:42:25,104.19583217763113,30.65898584588681
102,17:42:25,104.19583217763113,30.65898584588681
103,17:42:26,104.19562310972488,30.659168549212396
104,17:42:26,104.19562310972488,30.659168549212396
105,17:42:26,104.19562310972488,30.659168549212396
106,17:42:27,104.19562310972488,30.659168549212396
107,17:42:27,104.19566694428302,30.65917838133469
108,17:42:28,104.19599655564139,30.65923843843582
109,17:42:28,104.1959069923279,30.659220265405786
110,17:42:29,104.1959069923279,30.659220265405786
111,17:42:29,104.19599655564139,30.65923843843582
112,17:42:29,104.19599655564139,30.65923843843582
113,17:42:30,104.19581219870435,30.659187878799177
114,17:42:30,104.19563615769,30.659157146665425
115,17:42:31,104.19568765833789,30.659166137324817
116,17:42:31,104.19533868769878,30.659105216224145
117,17:42:31,104.19524997445637,30.659089729223908
118,17:42:32,104.19559385128575,30.65915087936153
119,17:42:32,104.19562373935534,30.659156232982106
120,17:42:32,104.19562373935534,30.659156232982106
121,17:42:33,104.19566919898936,30.65916437581753
122,17:42:33,104.19676198411739,30.659360118032446
123,17:42:34,104.19698635826765,30.659268767108532
124,17:42:34,104.19698635826765,30.659268767108532
125,17:42:35,104.19811982372173,30.65938079182591
126,17:42:35,104.19811982372173,30.65938079182591
127,17:42:35,104.19811982372173,30.65938079182591
128,17:42:36,104.17714413946915,30.658566811934875
129,17:42:36,104.19268263906207,30.659027772152093
130,17:42:37,104.19268263906207,30.659027772152093
131,17:42:37,104.17714413946915,30.658566811934875
132,17:42:37,104.17714413946915,30.658566811934875
133,17:42:38,104.18466995886465,30.658584879296008
134,17:42:38,104.18466995886465,30.658584879296008
135,17:42:38,104.21186120365343,30.65991403816986
136,17:42:39,104.21186120365343,30.65991403816986
137,17:42:39,104.18466995886465,30.658584879296008
138,17:42:40,104.22822723433379,30.6613774046581
139,17:42:40,104.22822723433379,30.6613774046581
140,17:42:41,104.22822723433379,30.6613774046581
141,17:42:41,104.20084806974617,30.6594866638144
142,17:42:41,104.20084806974617,30.6594866638144
143,17:42:42,104.20084806974617,30.6594866638144
144,17:42:42,104.20084806974617,30.6594866638144
145,17:42:43,104.20084806974617,30.6594866638144
146,17:42:43,104.20084806974617,30.6594866638144
147,17:42:43,104.20084806974617,30.6594866638144
148,17:42:44,104.20084806974617,30.6594866638144
149,17:42:44,104.19762887017956,30.659264353448236
150,17:42:44,104.19762887017956,30.659264353448236
151,17:42:45,104.20084806974617,30.6594866638144
152,17:42:45,104.20084806974617,30.6594866638144
153,17:42:46,104.1971492415451,30.659267648200945
154,17:42:46,104.1971492415451,30.659267648200945
155,17:42:47,104.20181062282475,30.659683794191764
156,17:42:47,104.20181062282475,30.659683794191764
157,17:42:47,104.20181062282475,30.659683794191764
