count,time,ch1,ch2,ch3,ch4,s10_matched_angle,s8_matched_angle,main_distance,slove_distance
"[104.19512974820577, 30.65979745632316, 1, '18:02:36']",30621582,70020022,164280044,44566411,95.67,114.90599822998047
"[104.19512974820577, 30.65979745632316, 2, '18:02:39']",30621582,70020022,164280044,44566411,95.67,114.90599822998047
"[104.19513245300317, 30.65978889752948, 3, '18:02:41']",28498126,74352590,158241324,38246008,95.41,114.90599822998047
"[104.19490122642155, 30.660112565806244, 4, '18:02:42']",28498126,74352590,158241324,38246008,95.41,107.78600311279297
"[104.19496766626553, 30.65996300427852, 5, '18:02:43']",25502005,66251302,123831695,44295837,93.16,107.78600311279297
"[104.19496766626553, 30.65996300427852, 6, '18:02:44']",25502005,66251302,123831695,44295837,93.16,107.78600311279297
"[104.19418673176537, 30.66172095176759, 7, '18:02:45']",24900784,73430572,114163189,59070601,103.16,107.78600311279297
"[104.1955562926769, 30.65863795804011, 8, '18:02:47']",24900784,73430572,114163189,59070601,128.86,107.78600311279297
"[104.19551869814347, 30.658849511650082, 9, '18:02:48']",26019847,60568407,85684774,61518501,131.61,97.4800033569336
"[104.19551869814347, 30.658849511650082, 10, '18:02:49']",26019847,60568407,85684774,61518501,131.61,97.4800033569336
"[104.19561484847011, 30.658704563452225, 11, '18:02:50']",29723188,67774275,95408622,59486275,121.61000000000001,97.4800033569336
"[104.1945401776703, 30.660324647347522, 12, '18:02:51']",29723188,67774275,95408622,59486275,88.36,97.4800033569336
"[104.2035998231294, 30.646667082902606, 13, '18:02:53']",28120986,44096254,101465411,59553516,98.36,97.4800033569336
"[104.19555308960815, 30.65876101967656, 14, '18:02:54']",28120986,44096254,101465411,59553516,127.82,100.52999877929688
"[104.19552757049473, 30.658804050022205, 15, '18:02:55']",39241230,62945100,121199209,61541538,130.7,100.52999877929688
"[104.19552757049473, 30.658804050022205, 16, '18:02:56']",39241230,62945100,121199209,61541538,130.7,100.52999877929688
"[104.19549890757168, 30.658852381461678, 17, '18:02:57']",33563224,50341914,93268390,57259449,134.66,100.52999877929688
"[104.19549890757168, 30.658852381461678, 18, '18:02:59']",33563224,50341914,93268390,57259449,134.66,100.52999877929688
"[104.1955589531493, 30.658665752309822, 19, '18:03:00']",35339709,59560542,122245339,75066036,128.3,106.02999877929688
"[104.1955589531493, 30.658665752309822, 20, '18:03:01']",35339709,59560542,122245339,75066036,128.3,106.02999877929688
"[104.19553752399187, 30.658710559312958, 21, '18:03:02']",38517068,47855858,98471940,55426635,130.25,106.02999877929688
"[104.19553752399187, 30.658710559312958, 22, '18:03:03']",38517068,47855858,98471940,55426635,130.25,106.02999877929688
"[104.1955589531493, 30.658665752309822, 23, '18:03:05']",34377232,59988978,121197436,67661632,128.3,106.02999877929688
"[104.19554609118633, 30.658792495760725, 24, '18:03:06']",34377232,59988978,121197436,67661632,128.3,98.88999938964844
"[104.19554215723461, 30.65879873845424, 25, '18:03:07']",27450011,62018521,106136974,54961303,128.75,98.88999938964844
"[104.19554215723461, 30.65879873845424, 26, '18:03:08']",27450011,62018521,106136974,54961303,128.75,98.88999938964844
"[104.19555289742965, 30.658781695096664, 27, '18:03:09']",30759722,43406214,85742047,50744526,127.55,98.88999938964844
"[104.19555289742965, 30.658781695096664, 28, '18:03:11']",30759722,43406214,85742047,50744526,127.55,98.88999938964844
"[104.19566708277034, 30.65865162041858, 29, '18:03:12']",32035209,70095704,106719569,56494786,117.55,95.94400024414062
"[104.19417633857739, 30.660778400218952, 30, '18:03:13']",32035209,70095704,106719569,56494786,89.45,95.94400024414062
"[104.1974856141581, 30.656057200906456, 31, '18:03:14']",26437145,58213152,90860587,50964894,99.45,95.94400024414062
"[104.19552080771399, 30.658860304669467, 32, '18:03:15']",26437145,58213152,90860587,50964894,131.19,95.94400024414062
"[104.19561379929698, 30.658727637628893, 33, '18:03:17']",34315865,72557582,106295608,50434916,121.19,95.94400024414062
"[104.19501026279988, 30.659859284318742, 34, '18:03:18']",34315865,72557582,106295608,50434916,90.86,107.54399871826172
"[104.19452977315035, 30.660929763941645, 35, '18:03:19']",34993711,50829677,87643275,58138298,100.86,107.54399871826172
"[104.19549247473242, 30.658784967633196, 36, '18:03:20']",34993711,50829677,87643275,58138298,135.57,107.54399871826172
"[104.19560289954319, 30.65853895294819, 37, '18:03:21']",42204526,63654279,108116053,53285917,125.57,107.54399871826172
"[104.19500183317633, 30.65987806461972, 38, '18:03:23']",42204526,63654279,108116053,53285917,91.28,107.54399871826172
"[104.19813371388729, 30.654705326623606, 39, '18:03:24']",33762225,47161084,99718814,58544476,101.28,98.77200317382812
"[104.19554995540922, 30.658787746028608, 40, '18:03:25']",33762225,47161084,99718814,58544476,127.85,98.77200317382812
"[104.19549326837839, 30.65887731331467, 41, '18:03:26']",37967345,66708260,101423163,66640227,135.57,98.77200317382812
"[104.19549326837839, 30.65887731331467, 42, '18:03:27']",37967345,66708260,101423163,66640227,135.57,98.77200317382812
"[104.19557226012026, 30.65875250388583, 43, '18:03:29']",31189380,68385161,114032716,45969249,125.57,98.77200317382812
"[104.19451507740119, 30.66043656427547, 44, '18:03:30']",31189380,68385161,114032716,45969249,90.53,99.05400085449219
"[104.19364165575185, 30.661830941503034, 45, '18:03:31']",41307012,57769259,129520875,47812640,94.92,99.05400085449219
"[104.19364165575185, 30.661830941503034, 46, '18:03:32']",41307012,57769259,129520875,47812640,94.92,99.05400085449219
"[104.19651531014807, 30.657243285297156, 47, '18:03:33']",36330361,45331340,115665431,58909843,104.92,99.05400085449219
"[104.1956027299625, 30.658700177314905, 48, '18:03:35']",36330361,45331340,115665431,58909843,123.03,99.05400085449219
"[104.19626498693131, 30.657074482041907, 49, '18:03:36']",32726657,74252665,119642202,51878004,113.03,107.4219970703125
"[104.19495940923422, 30.659968093305004, 50, '18:03:37']",32726657,74252665,119642202,51878004,92.93,107.4219970703125
"[104.19413628675619, 30.661792417110913, 51, '18:03:38']",36516931,51892394,114959791,50846896,102.93,107.4219970703125
"[104.19557412406917, 30.658605672842427, 52, '18:03:39']",36516931,51892394,114959791,50846896,127.42,107.4219970703125
"[104.1958458348364, 30.65800346790424, 53, '18:03:41']",33503947,59762961,133170731,44145962,117.42,107.4219970703125
"[104.19463807458536, 30.66052100156949, 54, '18:03:42']",33503947,59762961,133170731,44145962,96.33,104.83799743652344
"[104.19924288643082, 30.651348292676232, 55, '18:03:43']",32883153,57169340,149583215,32422306,106.33,104.83799743652344
"[104.19575571413026, 30.65829468211563, 56, '18:03:44']",32883153,57169340,149583215,32422306,118.06,104.83799743652344
"[104.19586094206494, 30.658085069813403, 57, '18:03:45']",33402086,40809575,152060263,37196399,115.55,104.83799743652344
"[104.19586094206494, 30.658085069813403, 58, '18:03:47']",33402086,40809575,152060263,37196399,115.55,104.83799743652344
"[104.19719258543421, 30.655322580101448, 59, '18:03:48']",34861442,37414319,158801733,41787510,108.61,105.56600189208984
"[104.19719258543421, 30.655322580101448, 60, '18:03:49']",34861442,37414319,158801733,41787510,108.61,105.56600189208984
"[104.18922604308673, 30.67166635110287, 61, '18:03:50']",36466918,40834367,165891823,57224091,104.63,105.56600189208984
"[104.18922604308673, 30.67166635110287, 62, '18:03:51']",36466918,40834367,165891823,57224091,104.63,105.56600189208984
"[104.19562213684632, 30.65854443607989, 63, '18:03:53']",36207388,57523794,163789927,61778466,123.82,105.56600189208984
"[104.19562548716458, 30.65852481324142, 64, '18:03:54']",36207388,57523794,163789927,61778466,123.82,106.10600280761719
"[104.19560170305041, 30.658574700364106, 65, '18:03:55']",39402935,60665278,145701214,69764721,125.21,106.10600280761719
"[104.19560170305041, 30.658574700364106, 66, '18:03:56']",39402935,60665278,145701214,69764721,125.21,106.10600280761719
"[104.19592910427289, 30.657887977081003, 67, '18:03:57']",39233644,80657373,139123693,60371021,115.21,106.10600280761719
"[104.19491916227173, 30.660006328019204, 68, '18:03:59']",39233644,80657373,139123693,60371021,92.41,106.10600280761719
"[104.19516087971616, 30.65963598940654, 69, '18:04:00']",38924535,91135218,102365195,44632176,87.56,112.73799896240234
"[104.19516087971616, 30.65963598940654, 70, '18:04:01']",38924535,91135218,102365195,44632176,87.56,112.73799896240234
"[104.19518960128414, 30.6595547692119, 71, '18:04:02']",43328982,147552159,106073395,42108904,82.8,112.73799896240234
"[104.19518960128414, 30.6595547692119, 72, '18:04:03']",43328982,147552159,106073395,42108904,82.8,112.73799896240234
"[104.19519656605401, 30.659535073909552, 73, '18:04:05']",41812344,179880076,91615102,41864427,81.39,112.73799896240234
"[104.19496490291581, 30.659732715051057, 74, '18:04:06']",41812344,179880076,91615102,41864427,81.39,99.68000030517578
"[104.19495196679472, 30.65975384904325, 75, '18:04:07']",45017021,183655725,88337384,47914519,81.98,99.68000030517578
"[104.19495196679472, 30.65975384904325, 76, '18:04:08']",45017021,183655725,88337384,47914519,81.98,99.68000030517578
"[104.19497825243843, 30.659710905676796, 77, '18:04:09']",41258288,153406016,77311678,45526746,80.74,99.68000030517578
"[104.19497825243843, 30.659710905676796, 78, '18:04:11']",41258288,153406016,77311678,45526746,80.74,99.68000030517578
"[104.1951284087707, 30.65948455782216, 79, '18:04:12']",35014033,153406045,57121294,37916274,70.74,101.05999755859375
"[104.19523758262025, 30.659296769354448, 80, '18:04:13']",35014033,153406045,57121294,37916274,48.39,101.05999755859375
"[104.19523758262025, 30.659296769354448, 81, '18:04:14']",36824220,162011675,70460645,49437390,48.39,101.05999755859375
"[104.19523758262025, 30.659296769354448, 82, '18:04:15']",36824220,162011675,70460645,49437390,48.39,101.05999755859375
"[104.19518254333494, 30.659391441687568, 83, '18:04:17']",26108002,164824375,47671108,40381011,62.18,101.05999755859375
"[104.19517206111158, 30.65939519319681, 84, '18:04:18']",26108002,164824375,47671108,40381011,62.18,99.76599884033203
"[104.19498606449348, 30.659700028388038, 85, '18:04:19']",48322889,196524892,69304266,41466626,80.46,99.76599884033203
"[104.19498606449348, 30.659700028388038, 86, '18:04:20']",48322889,196524892,69304266,41466626,80.46,99.76599884033203
"[104.19502096294497, 30.65964283231512, 87, '18:04:21']",48113071,167240304,62447383,37429523,78.45,99.76599884033203
"[104.19502096294497, 30.65964283231512, 88, '18:04:23']",48113071,167240304,62447383,37429523,78.45,99.76599884033203
"[104.19498398467928, 30.659736913118955, 89, '18:04:24']",42428999,127664977,70681781,36591995,82.65,101.22599792480469
"[104.19498398467928, 30.659736913118955, 90, '18:04:25']",42428999,127664977,70681781,36591995,82.65,101.22599792480469
"[104.19499583256575, 30.65971640570686, 91, '18:04:26']",41886267,105265055,50264893,31306126,82.03,101.22599792480469
"[104.19499583256575, 30.65971640570686, 92, '18:04:27']",41886267,105265055,50264893,31306126,82.03,101.22599792480469
"[104.19487908553714, 30.659918482206404, 93, '18:04:29']",33570729,72717577,64273485,31193072,86.81,101.22599792480469
"[104.19507438201128, 30.65971627765337, 94, '18:04:30']",33570729,72717577,64273485,31193072,86.81,107.53800201416016
"[104.19508251420243, 30.659698164633824, 95, '18:04:31']",27499079,46220153,38905750,25577814,86.16,107.53800201416016
"[104.19508251420243, 30.659698164633824, 96, '18:04:32']",27499079,46220153,38905750,25577814,86.16,107.53800201416016
"[104.19505944840768, 30.659749539617962, 97, '18:04:33']",29239941,57813035,60044501,32613790,87.91,107.53800201416016
"[104.19505944840768, 30.659749539617962, 98, '18:04:35']",29239941,57813035,60044501,32613790,87.91,107.53800201416016
"[104.19512656747918, 30.659702431645123, 99, '18:04:36']",28188985,38117124,38143217,25009989,89.66,111.71399688720703
"[104.19512656747918, 30.659702431645123, 100, '18:04:37']",28188985,38117124,38143217,25009989,89.66,111.71399688720703
"[104.1951090208668, 30.65974962698133, 101, '18:04:38']",36986076,45193917,48777591,28200818,91.36,111.71399688720703
"[104.1951090208668, 30.65974962698133, 102, '18:04:39']",36986076,45193917,48777591,28200818,91.36,111.71399688720703
"[104.19518533472495, 30.659544364671113, 103, '18:04:41']",47781115,36063166,44611065,27150268,81.36,111.71399688720703
"[104.19528911821521, 30.659235196581513, 104, '18:04:42']",47781115,36063166,44611065,27150268,34.67,107.02999877929688
"[104.19529749109691, 30.659216944782465, 105, '18:04:43']",61748809,36602299,36611616,27342235,29.94,107.02999877929688
"[104.19529749109691, 30.659216944782465, 106, '18:04:44']",61748809,36602299,36611616,27342235,29.94,107.02999877929688
"[104.1953024793159, 30.659206071110304, 107, '18:04:45']",62185171,34636980,52781846,25868246,27.03,107.02999877929688
"[104.1953024793159, 30.659206071110304, 108, '18:04:47']",62185171,34636980,52781846,25868246,27.03,107.02999877929688
"[104.19528278939416, 30.659237558354036, 109, '18:04:48']",53582493,39403475,37059510,29763068,35.5,104.99400329589844
"[104.19528278939416, 30.659237558354036, 110, '18:04:49']",53582493,39403475,37059510,29763068,35.5,104.99400329589844
"[104.19529546392778, 30.65921215190398, 111, '18:04:50']",62956341,42589528,48102339,30207432,28.99,104.99400329589844
"[104.19529546392778, 30.65921215190398, 112, '18:04:51']",62956341,42589528,48102339,30207432,28.99,104.99400329589844
"[104.19528445813381, 30.659234213319664, 113, '18:04:53']",54272816,46213226,38906414,27299879,34.67,104.99400329589844
"[104.19531630231592, 30.659240932337326, 114, '18:04:54']",54272816,46213226,38906414,27299879,34.67,119.69599914550781
"[104.19531894663626, 30.65922974609257, 115, '18:04:55']",60570829,40829907,42139309,28329634,31.54,119.69599914550781
"[104.19531894663626, 30.65922974609257, 116, '18:04:56']",60570829,40829907,42139309,28329634,31.54,119.69599914550781
"[104.19531630231592, 30.659240932337326, 117, '18:04:57']",57731411,43409509,39159801,26953906,34.67,119.69599914550781
"[104.19531630231592, 30.659240932337326, 118, '18:04:59']",57731411,43409509,39159801,26953906,34.67,119.69599914550781
"[104.1952691304212, 30.65923703679146, 119, '18:05:00']",60721396,45412862,40378402,32269557,35.95,99.95999908447266
"[104.1952691304212, 30.65923703679146, 120, '18:05:01']",60721396,45412862,40378402,32269557,35.95,99.95999908447266
"[104.19527114666428, 30.659233708454472, 121, '18:05:02']",58616107,41371804,43498022,27052040,35.16,99.95999908447266
"[104.19527114666428, 30.659233708454472, 122, '18:05:03']",58616107,41371804,43498022,27052040,35.16,99.95999908447266
"[104.19527238410251, 30.659231665738783, 123, '18:05:05']",60262333,45003942,43618689,28404491,34.67,99.95999908447266
"[104.19517251954719, 30.659210594646154, 124, '18:05:06']",60262333,45003942,43618689,28404491,34.67,72.05599975585938
"[104.19512616928196, 30.659237999219684, 125, '18:05:07']",55464031,37216012,26816000,29204861,39.54,72.05599975585938
"[104.19512616928196, 30.659237999219684, 126, '18:05:08']",55464031,37216012,26816000,29204861,39.54,72.05599975585938
"[104.19512498170616, 30.65923870137334, 127, '18:05:09']",55703675,36608026,24445964,27092953,39.65,72.05599975585938
"[104.19512498170616, 30.65923870137334, 128, '18:05:11']",55703675,36608026,24445964,27092953,39.65,72.05599975585938
"[104.19503528341528, 30.6592289775643, 129, '18:05:12']",56812486,37534585,25340862,27661838,39.65,63.64400100708008
"[104.19503528341528, 30.6592289775643, 130, '18:05:13']",56812486,37534585,25340862,27661838,39.65,63.64400100708008
"[104.19504723060527, 30.65922431142898, 131, '18:05:14']",54438987,32781751,22779706,24126190,39.0,63.64400100708008
"[104.19504723060527, 30.65922431142898, 132, '18:05:15']",54438987,32781751,22779706,24126190,39.0,63.64400100708008
"[104.19503734779073, 30.65922817129477, 133, '18:05:17']",54573565,37396413,26324591,28543646,39.54,63.64400100708008
"[104.19493448955748, 30.659216790231714, 134, '18:05:18']",54573565,37396413,26324591,28543646,39.54,57.93600082397461
"[104.19496832216264, 30.65920779447763, 135, '18:05:19']",51868495,32074027,22655956,22279287,38.36,57.93600082397461
"[104.19496832216264, 30.65920779447763, 136, '18:05:20']",51868495,32074027,22655956,22279287,38.36,57.93600082397461
"[104.19506269284017, 30.659182702250654, 137, '18:05:21']",54900155,35389400,29924425,25536813,34.15,57.93600082397461
"[104.19506269284017, 30.659182702250654, 138, '18:05:23']",54900155,35389400,29924425,25536813,34.15,57.93600082397461
"[104.19514605969928, 30.659223178919593, 139, '18:05:24']",53031441,36541652,28196755,24547378,37.17,71.45800018310547
"[104.19514605969928, 30.659223178919593, 140, '18:05:25']",53031441,36541652,28196755,24547378,37.17,71.45800018310547
"[104.19516914111344, 30.659209881807747, 141, '18:05:26']",51254808,42967372,43441523,23421835,34.67,71.45800018310547
"[104.19516914111344, 30.659209881807747, 142, '18:05:27']",51254808,42967372,43441523,23421835,34.67,71.45800018310547
"[104.19516914111344, 30.659209881807747, 143, '18:05:29']",52384492,39503479,37671127,24775601,34.67,71.45800018310547
"[104.19487500196482, 30.659147819415075, 144, '18:05:30']",52384492,39503479,37671127,24775601,34.67,49.279998779296875
"[104.19485290975636, 30.65914973334194, 145, '18:05:31']",55054139,39591355,42171306,28371356,35.16,49.279998779296875
"[104.19485290975636, 30.65914973334194, 146, '18:05:32']",55054139,39591355,42171306,28371356,35.16,49.279998779296875
"[104.19481963832473, 30.659152615764807, 147, '18:05:33']",51951927,37543608,29619254,25861998,35.84,49.279998779296875
"[104.19481963832473, 30.659152615764807, 148, '18:05:35']",51951927,37543608,29619254,25861998,35.84,49.279998779296875
"[104.19497662787488, 30.65916360701441, 149, '18:05:36']",53028318,33216758,28188772,24591299,34.15,52.52199935913086
"[104.19497662787488, 30.65916360701441, 150, '18:05:37']",53028318,33216758,28188772,24591299,34.15,52.52199935913086
"[104.19478679019836, 30.65919262415204, 151, '18:05:38']",53198863,32796873,22997151,24493426,39.0,52.52199935913086
"[104.19478679019836, 30.65919262415204, 152, '18:05:39']",53198863,32796873,22997151,24493426,39.0,52.52199935913086
"[104.19487215314118, 30.65917957622443, 153, '18:05:41']",52256591,32992217,26194115,23069327,37.17,52.52199935913086
"[104.19441524545624, 30.65910684190716, 154, '18:05:42']",52256591,32992217,26194115,23069327,37.17,45.0
"[104.19494400365278, 30.65910684190716, 155, '18:05:43']",56693803,34243034,32711307,25315723,29.94,45.0
"[104.19494400365278, 30.65910684190716, 156, '18:05:44']",56693803,34243034,32711307,25315723,29.94,45.0
"[104.19463482334717, 30.65910684190716, 157, '18:05:45']",67414239,32848902,26605456,23075111,35.21,45.0
"[104.19463482334717, 30.65910684190716, 158, '18:05:47']",67414239,32848902,26605456,23075111,35.21,45.0
"[104.19611334631506, 30.659418525015433, 159, '18:05:48']",77469168,41587817,35835388,25050299,33.94,25.618000030517578
"[104.19611334631506, 30.659418525015433, 160, '18:05:49']",77469168,41587817,35835388,25050299,33.94,25.618000030517578
"[104.1959235960029, 30.659341250236775, 161, '18:05:50']",57349346,33673273,24078225,22352337,37.82,25.618000030517578
"[104.1959235960029, 30.659341250236775, 162, '18:05:51']",57349346,33673273,24078225,22352337,37.82,25.618000030517578
"[104.19599744060736, 30.65937132304878, 163, '18:05:53']",61736005,45178847,36562640,25803758,35.95,25.618000030517578
"[104.19611935886944, 30.65939380240912, 164, '18:05:54']",61736005,45178847,36562640,25803758,35.95,27.18400001525879
"[104.19603371870775, 30.65936194260332, 165, '18:05:55']",44542494,48077034,43935389,26293625,37.4,27.18400001525879
"[104.19603371870775, 30.65936194260332, 166, '18:05:56']",44542494,48077034,43935389,26293625,37.4,27.18400001525879
"[104.19603371870775, 30.65936194260332, 167, '18:05:57']",49283693,48384549,42649567,26355876,37.4,27.18400001525879
"[104.19603371870775, 30.65936194260332, 168, '18:05:59']",49283693,48384549,42649567,26355876,37.4,27.18400001525879
"[104.19637576680555, 30.659404844454116, 169, '18:06:00']",70771869,59618390,50683934,28542474,37.95,30.937999725341797
"[104.19637576680555, 30.659404844454116, 170, '18:06:01']",70771869,59618390,50683934,28542474,37.95,30.937999725341797
"[104.19642237023163, 30.659418357188326, 171, '18:06:02']",75399175,76792366,45668871,27193986,37.59,30.937999725341797
"[104.19642237023163, 30.659418357188326, 172, '18:06:03']",75399175,76792366,45668871,27193986,37.59,30.937999725341797
"[104.19620589303044, 30.659355589294904, 173, '18:06:05']",118190220,172513923,83370646,25591049,39.67,30.937999725341797
"[104.19649196927669, 30.659386484993604, 174, '18:06:06']",118190220,172513923,83370646,25591049,39.67,33.07600021362305
"[104.19635392594566, 30.659352740325858, 175, '18:06:07']",147369390,215728857,79007514,31710566,40.75,33.07600021362305
"[104.19635392594566, 30.659352740325858, 176, '18:06:08']",147369390,215728857,79007514,31710566,40.75,33.07600021362305
"[104.19585600913712, 30.659231024650474, 177, '18:06:09']",123774635,274212905,81442608,40456903,51.58,33.07600021362305
"[104.19585600913712, 30.659231024650474, 178, '18:06:11']",123774635,274212905,81442608,40456903,51.58,33.07600021362305
"[104.19579485897597, 30.6592322148256, 179, '18:06:12']",92008766,279173406,78803200,46579008,52.72,31.375999450683594
"[104.19579485897597, 30.6592322148256, 180, '18:06:13']",92008766,279173406,78803200,46579008,52.72,31.375999450683594
"[104.1960008222137, 30.659290000869063, 181, '18:06:14']",106623428,234477146,84244621,37387890,43.92,31.375999450683594
"[104.1960008222137, 30.659290000869063, 182, '18:06:15']",106623428,234477146,84244621,37387890,43.92,31.375999450683594
"[104.19579697638311, 30.659232808895602, 183, '18:06:17']",118084799,298792668,77908873,45244645,52.57,31.375999450683594
"[104.19588946165703, 30.659218581036995, 184, '18:06:18']",118084799,298792668,77908873,45244645,52.57,34.891998291015625
"[104.1957488177447, 30.65918955695343, 185, '18:06:19']",51585673,327566770,74182610,60274685,62.04,34.891998291015625
"[104.1957488177447, 30.65918955695343, 186, '18:06:20']",51585673,327566770,74182610,60274685,62.04,34.891998291015625
"[104.19567417403329, 30.659174153049474, 187, '18:06:21']",113439283,372144075,265016472,87227970,72.03999999999999,34.891998291015625
"[104.19561014795113, 30.659160940260325, 188, '18:06:23']",113439283,372144075,265016472,87227970,86.96,34.891998291015625
"[104.19558017275983, 30.65917712970102, 189, '18:06:24']",122943389,295010560,365310169,116818548,91.52,30.3439998626709
"[104.19558017275983, 30.65917712970102, 190, '18:06:25']",122943389,295010560,365310169,116818548,91.52,30.3439998626709
"[104.19558313054016, 30.659178025137045, 191, '18:06:26']",127678357,300308679,365695537,112401428,90.27,30.3439998626709
"[104.19558313054016, 30.659178025137045, 192, '18:06:27']",127678357,300308679,365695537,112401428,90.27,30.3439998626709
"[104.19558501418481, 30.65917859539011, 193, '18:06:29']",120760480,304288307,337616952,97731159,89.49,30.3439998626709
"[104.19560388679757, 30.659157134067048, 194, '18:06:30']",120760480,304288307,337616952,97731159,89.49,35.36399841308594
"[104.19559209916024, 30.65915481731703, 195, '18:06:31']",97768996,213236157,359722044,113265890,93.36,35.36399841308594
"[104.19559209916024, 30.65915481731703, 196, '18:06:32']",97768996,213236157,359722044,113265890,93.36,35.36399841308594
"[104.19558382228396, 30.659153190574315, 197, '18:06:33']",106023175,233944617,413670440,102643884,96.29,35.36399841308594
"[104.19558382228396, 30.659153190574315, 198, '18:06:35']",106023175,233944617,413670440,102643884,96.29,35.36399841308594
"[104.1955850420432, 30.659153864002047, 199, '18:06:36']",101323362,228822692,392135229,92966902,95.75,35.2760009765625
"[104.1955850420432, 30.659153864002047, 200, '18:06:37']",101323362,228822692,392135229,92966902,95.75,35.2760009765625
"[104.1955850420432, 30.659153864002047, 201, '18:06:38']",105069714,236355634,403748080,94183503,95.75,35.2760009765625
"[104.1955850420432, 30.659153864002047, 202, '18:06:39']",105069714,236355634,403748080,94183503,95.75,35.2760009765625
"[104.19559544728234, 30.659155928092176, 203, '18:06:41']",110922026,231544679,392423799,98389435,92.12,35.2760009765625
"[104.19559650504898, 30.65915460948868, 204, '18:06:42']",110922026,231544679,392423799,98389435,92.12,35.571998596191406
"[104.19559650504898, 30.65915460948868, 205, '18:06:43']",112644660,230810042,398794621,105507435,92.12,35.571998596191406
"[104.19559650504898, 30.65915460948868, 206, '18:06:44']",112644660,230810042,398794621,105507435,92.12,35.571998596191406
"[104.195592569821, 30.659153853060097, 207, '18:06:45']",123413028,218834978,390694988,110699967,93.44,35.571998596191406
"[104.195592569821, 30.659153853060097, 208, '18:06:47']",123413028,218834978,390694988,110699967,93.44,35.571998596191406
"[104.19558525853913, 30.659163399141597, 209, '18:06:48']",126015762,227556312,398508513,110792036,93.44,33.36399841308594
"[104.19558525853913, 30.659163399141597, 210, '18:06:49']",126015762,227556312,398508513,110792036,93.44,33.36399841308594
"[104.19558878060116, 30.659164238723974, 211, '18:06:50']",112305533,239783789,405079045,106474686,92.12,33.36399841308594
"[104.19558878060116, 30.659164238723974, 212, '18:06:51']",112305533,239783789,405079045,106474686,92.12,33.36399841308594
"[104.19558095928863, 30.65916237429453, 213, '18:06:53']",127503336,240191643,418272658,106448937,95.1,33.36399841308594
"[104.19558301001904, 30.659159535125724, 214, '18:06:54']",127503336,240191643,418272658,106448937,95.1,34.03799819946289
"[104.19558745469601, 30.659160531697427, 215, '18:06:55']",123662701,235939346,404233393,107979958,93.44,34.03799819946289
"[104.1955834883679, 30.659165710391388, 216, '18:06:56']",123662701,235939346,404233393,107979958,93.44,32.81399917602539
"[104.1955834883679, 30.659165710391388, 217, '18:06:57']",120746927,233206449,400437385,106725104,93.44,32.81399917602539
"[104.19558899765687, 30.659158517108136, 218, '18:06:59']",120746927,233206449,400437385,106725104,93.44,34.50600051879883
"[104.19558709254358, 30.659153883004763, 219, '18:07:00']",120043506,230204396,391122561,98864356,95.1,35.354000091552734
"[104.19558709254358, 30.659153883004763, 220, '18:07:01']",120043506,230204396,391122561,98864356,95.1,35.354000091552734
"[104.19559469406109, 30.659156867051802, 221, '18:07:02']",115286093,241541819,404609806,104577906,92.12,35.06399917602539
"[104.19560187558375, 30.65914791462272, 222, '18:07:03']",115286093,241541819,404609806,104577906,92.12,37.04399871826172
"[104.19559764254132, 30.659147229789053, 223, '18:07:05']",121250614,233324429,385593869,97367264,93.44,37.04399871826172
"[104.19559703403476, 30.659148024294474, 224, '18:07:06']",121250614,233324429,385593869,97367264,93.44,36.869998931884766
"[104.19561541119678, 30.659131041235053, 225, '18:07:07']",115155722,229154193,375504537,97824606,92.12,40.529998779296875
"[104.19561541119678, 30.659131041235053, 226, '18:07:08']",115155722,229154193,375504537,97824606,92.12,40.529998779296875
"[104.19560051695285, 30.65913529735156, 227, '18:07:09']",113480312,226515223,384138194,98678772,95.1,39.439998626708984
"[104.19559972108405, 30.659136399205764, 228, '18:07:11']",113480312,226515223,384138194,98678772,95.1,39.20800018310547
"[104.19561013242205, 30.659137621713715, 229, '18:07:12']",113206539,227621136,383938892,101154065,92.12,39.20800018310547
"[104.19560925633283, 30.659138713839553, 230, '18:07:13']",113206539,227621136,383938892,101154065,92.12,38.98400115966797
"[104.19560755204816, 30.65913429129732, 231, '18:07:14']",111246250,219994504,373864068,99227482,93.44,39.779998779296875
"[104.19560755204816, 30.65913429129732, 232, '18:07:15']",111246250,219994504,373864068,99227482,93.44,39.779998779296875
"[104.19560778493549, 30.65912523506861, 233, '18:07:17']",108217811,211038566,391238075,112091662,95.1,41.5
"[104.19562375859601, 30.659103120060905, 234, '18:07:18']",108217811,211038566,391238075,112091662,95.1,45.667999267578125
"[104.19561747419078, 30.659103204879983, 235, '18:07:19']",138252201,276350474,549282405,139180064,96.51,45.667999267578125
"[104.19567820572126, 30.659014790896563, 236, '18:07:20']",138252201,276350474,549282405,139180064,96.51,58.540000915527344
"[104.19570480019223, 30.658978450442454, 237, '18:07:21']",282165783,591580136,1183485293,262809631,96.29,62.268001556396484
"[104.19570480019223, 30.658978450442454, 238, '18:07:23']",282165783,591580136,1183485293,262809631,96.29,62.268001556396484
"[104.19579712252178, 30.65895301769286, 239, '18:07:24']",267043468,2983894865,2357239984,176966024,88.15,61.481998443603516
"[104.19579569281812, 30.65895456914126, 240, '18:07:25']",267043468,2983894865,2357239984,176966024,88.15,61.374000549316406
"[104.19603223726598, 30.658874113802522, 241, '18:07:26']",2419069765,4201150416,767689207,289159200,78.15,61.374000549316406
"[104.19480525016024, 30.65933034142312, 242, '18:07:27']",2419069765,4201150416,767689207,289159200,48.67,64.58200073242188
"[104.19496019144232, 30.659284203294717, 243, '18:07:29']",1253654635,3395989930,964079524,271150123,45.48,66.55799865722656
"[104.19496019144232, 30.659284203294717, 244, '18:07:30']",1253654635,3395989930,964079524,271150123,45.48,66.55799865722656
"[104.19448319271723, 30.659496026188073, 245, '18:07:31']",799333432,1846205509,948024904,523754270,55.48,66.24400329589844
"[104.19601726909687, 30.65881545033445, 246, '18:07:32']",799333432,1846205509,948024904,523754270,82.57,65.61199951171875
"[104.196036983975, 30.658806866717832, 247, '18:07:33']",124443869,794466671,489757491,160400405,82.05,65.61199951171875
"[104.19604173093404, 30.658802718375718, 248, '18:07:35']",124443869,794466671,489757491,160400405,82.05,65.74199676513672
"[104.19596889101729, 30.658832583042233, 249, '18:07:36']",374278068,1305500294,595073427,153182510,84.24,65.88600158691406
"[104.19596889101729, 30.658832583042233, 250, '18:07:37']",374278068,1305500294,595073427,153182510,84.24,65.88600158691406
"[104.19598251956953, 30.658819697828534, 251, '18:07:38']",293398364,1066870480,504365549,109787464,84.24,66.35199737548828
"[104.19595213620478, 30.658848424001388, 252, '18:07:39']",293398364,1066870480,504365549,109787464,84.24,65.27999877929688
"[104.19595213620478, 30.658848424001388, 253, '18:07:41']",375752251,1491506247,606772979,83346582,84.24,65.27999877929688
"[104.1959869319585, 30.658815526103325, 254, '18:07:42']",375752251,1491506247,606772979,83346582,84.24,66.49800109863281
"[104.19610803426308, 30.658699379986565, 255, '18:07:43']",42104474,82250786,55452055,26079907,84.32,69.8499984741211
"[104.19610803426308, 30.658699379986565, 256, '18:07:44']",42104474,82250786,55452055,26079907,84.32,69.8499984741211
"[104.19605439870367, 30.658710658441095, 257, '18:07:45']",58980709,113272630,79434350,30221591,86.36,70.8499984741211
"[104.19605439870367, 30.658710658441095, 258, '18:07:47']",58980709,113272630,79434350,30221591,86.36,70.8499984741211
"[104.19659517125389, 30.6584073663453, 259, '18:07:48']",38241832,169717772,67444518,35365996,79.43,70.8499984741211
"[104.19634353055321, 30.658607046231886, 260, '18:07:49']",38241832,169717772,67444518,35365996,79.43,68.44599914550781
"[104.19257203131781, 30.660542805099425, 261, '18:07:50']",41071006,140228338,39278758,48048883,65.47,69.0780029296875
"[104.19257203131781, 30.660542805099425, 262, '18:07:51']",41071006,140228338,39278758,48048883,65.47,69.0780029296875
"[104.19604948785984, 30.658766359311358, 263, '18:07:53']",22426443,28847622,23870627,22826922,83.7,67.74800109863281
"[104.19613816843247, 30.65868411625455, 264, '18:07:54']",22426443,28847622,23870627,22826922,83.7,69.80400085449219
"[104.19804495152835, 30.65766402218918, 265, '18:07:55']",18864334,24594687,18180545,21358431,73.7,69.80400085449219
"[104.19501028040006, 30.6592823415439, 266, '18:07:56']",18864334,24594687,18180545,21358431,45.34,69.1760025024414
"[104.19505335020983, 30.659261794622054, 267, '18:07:57']",19646949,24760427,18702091,21676896,43.08,69.43199920654297
"[104.19505335020983, 30.659261794622054, 268, '18:07:59']",19646949,24760427,18702091,21676896,43.08,69.43199920654297
"[104.1950969773795, 30.659263487612776, 269, '18:08:00']",20759140,24979173,20260882,25300055,43.08,73.3280029296875
"[104.19509768683005, 30.65926351514363, 270, '18:08:01']",20759140,24979173,20260882,25300055,43.08,73.4000015258789
"[104.19509768683005, 30.65926351514363, 271, '18:08:02']",29206740,35142156,23017261,24496283,43.08,73.4000015258789
"[104.1951001267648, 30.659263609827445, 272, '18:08:03']",29206740,35142156,23017261,24496283,43.08,73.6500015258789
"[104.19516734048705, 30.65921272876918, 273, '18:08:05']",28537822,25941279,19820996,21890834,35.14,71.85399627685547
"[104.19516734048705, 30.65921272876918, 274, '18:08:06']",28537822,25941279,19820996,21890834,35.14,71.85399627685547
"[104.19506528608636, 30.659252126891186, 275, '18:08:07']",49826116,44960368,23842783,22996112,41.92,68.93800354003906
"[104.19507653938668, 30.65925282783457, 276, '18:08:08']",49826116,44960368,23842783,22996112,41.92,69.91799926757812
"[104.19505555871638, 30.65926411080699, 277, '18:08:09']",45662354,45082652,23338351,24798741,43.33,69.91799926757812
"[104.19504047097925, 30.659263601596557, 278, '18:08:11']",45662354,45082652,23338351,24798741,43.33,68.76599884033203
"[104.19508685608443, 30.659241826080155, 279, '18:08:12']",65139355,43284951,20454289,23398166,40.52,69.06199645996094
"[104.19508685608443, 30.659241826080155, 280, '18:08:13']",65139355,43284951,20454289,23398166,40.52,69.06199645996094
"[104.19508898699225, 30.659252859558347, 281, '18:08:14']",20937083,24621795,19511280,20390589,41.83,70.96600341796875
"[104.195044437257, 30.65925000340483, 282, '18:08:15']",20937083,24621795,19511280,20390589,41.83,67.16600036621094
"[104.195044437257, 30.65925000340483, 283, '18:08:17']",19794702,24429683,19747351,20013683,41.83,67.16600036621094
"[104.19506341518023, 30.659251220109304, 284, '18:08:18']",19794702,24429683,19747351,20013683,41.83,68.66600036621094
"[104.70945215716839, 30.679223493119963, 285, '18:08:19']",20612127,25937678,19178084,20420672,43.08,43.06399917602539
"[104.70945215716839, 30.679223493119963, 286, '18:08:20']",20612127,25937678,19178084,20420672,43.08,43.06399917602539
"[104.19577557378773, 30.659296877716486, 287, '18:08:21']",20786750,25168648,19501574,21169607,41.83,23.996000289916992
"[104.19719424965442, 30.659387831255145, 288, '18:08:23']",20786750,25168648,19501574,21169607,41.83,37.5099983215332
"[104.19719424965442, 30.659387831255145, 289, '18:08:24']",21129551,25569711,20838456,21689517,41.83,37.5099983215332
"[104.19485911359733, 30.65923812201385, 290, '18:08:25']",21129551,25569711,20838456,21689517,41.83,58.060001373291016
"[104.1959908148456, 30.659210494068155, 291, '18:08:26']",21139273,27399579,22552807,20819943,51.83,37.06999969482422
"[104.19563283100427, 30.659152770138768, 292, '18:08:27']",21139273,27399579,22552807,20819943,83.7,37.06999969482422
"[104.19569029112571, 30.659156321904987, 293, '18:08:29']",24393743,34025428,23688542,32432645,73.7,37.88199996948242
"[104.19459679627695, 30.659289364035093, 294, '18:08:30']",24393743,34025428,23688542,32432645,45.57,56.854000091552734
"[104.19481842781104, 30.65923551358417, 295, '18:08:31']",20848830,25890878,19412063,20883335,41.83,56.854000091552734
"[105.53305322467017, 30.74503184887866, 296, '18:08:32']",20848830,25890878,19412063,20883335,41.83,41.82400131225586
"[104.19711560848765, 30.65926787923929, 297, '18:08:33']",21563014,29080609,19487295,22272883,45.34,40.5
"[104.19711560848765, 30.65926787923929, 298, '18:08:35']",21563014,29080609,19487295,22272883,45.34,40.5
"[104.1855069334443, 30.65863853905126, 299, '18:08:36']",21982596,26633291,20638852,21053114,41.83,42.645999908447266
"[104.19212215887546, 30.65906265154667, 300, '18:08:37']",21982596,26633291,20638852,21053114,41.83,44.321998596191406
"[104.19661337692202, 30.659124176134164, 301, '18:08:38']",21174514,25731821,23548084,23373192,51.83,44.321998596191406
"[104.19565719388052, 30.659130175816735, 302, '18:08:39']",21174514,25731821,23548084,23373192,83.7,41.27000045776367
"[104.19572432370954, 30.65913475326812, 303, '18:08:41']",20089948,24625881,19697710,22154865,73.7,41.33399963378906
"[104.21151829999029, 30.66030616862634, 304, '18:08:42']",20089948,24625881,19697710,22154865,41.83,41.33399963378906
"[104.19834675621107, 30.65940920202788, 305, '18:08:43']",22463168,30965729,20949934,21815632,42.74,40.02199935913086
"[104.19903161562155, 30.659440489385645, 306, '18:08:44']",22463168,30965729,20949934,21815632,42.74,40.5260009765625
"[104.1971251961786, 30.659267813377774, 307, '18:08:45']",21909477,27537496,20168770,24796066,45.34,40.5260009765625
"[104.1971492415451, 30.659267648200945, 308, '18:08:47']",21909477,27537496,20168770,24796066,45.34,40.59000015258789
"[104.20181062282475, 30.659683794191764, 309, '18:08:48']",21782635,26237114,21659027,21803339,41.83,40.59000015258789
"[104.20181062282475, 30.659683794191764, 310, '18:08:49']",21782635,26237114,21659027,21803339,41.83,40.59000015258789
"[104.2056805019037, 30.65993189821939, 311, '18:08:50']",21088805,24972393,19633953,20167943,41.83,41.05400085449219
"[104.19482969147857, 30.659236235715593, 312, '18:08:51']",21088805,24972393,19633953,20167943,41.83,57.16999816894531
"[104.19482969147857, 30.659236235715593, 313, '18:08:53']",21069851,24712077,19155174,20100234,41.83,57.16999816894531
"[104.18466995886465, 30.658584879296008, 314, '18:08:54']",21069851,24712077,19155174,20100234,41.83,42.582000732421875
"[-51127.98336662477, -4543.106584944489, 315, '18:08:55']",22995447,24970410,19147447,20889573,40.59,40.59000015258789
"[-51127.98336662477, -4543.106584944489, 316, '18:08:56']",22995447,24970410,19147447,20889573,40.59,40.59000015258789
"[104.19947112766741, 30.659433230364996, 317, '18:08:57']",20114095,24991677,18598261,20692921,43.08,41.0880012512207
"[104.20360155617257, 30.6595935152789, 318, '18:08:59']",20114095,24991677,18598261,20692921,43.08,42.08399963378906
"[104.16374779646549, 30.6572435265943, 319, '18:09:00']",22434802,25496897,20734351,21778017,41.83,42.08399963378906
"[104.20181062282475, 30.659683794191764, 320, '18:09:01']",22434802,25496897,20734351,21778017,41.83,40.59000015258789
"[-51127.98336662477, -4543.106584944489, 321, '18:09:02']",24761611,26712124,21515243,22546928,40.59,40.59000015258789
"[-51127.98336662477, -4543.106584944489, 322, '18:09:03']",24761611,26712124,21515243,22546928,40.59,40.59000015258789
"[104.20181062282475, 30.659683794191764, 323, '18:09:05']",23319214,27522333,21025404,23281701,41.83,40.59000015258789
"[104.20181062282475, 30.659683794191764, 324, '18:09:06']",23319214,27522333,21025404,23281701,41.83,40.59000015258789
"[104.1986447887622, 30.659401163556403, 325, '18:09:07']",22415743,27638014,20548596,23400683,43.08,40.59000015258789
"[104.1986447887622, 30.659401163556403, 326, '18:09:08']",22415743,27638014,20548596,23400683,43.08,40.59000015258789
"[104.1986447887622, 30.659401163556403, 327, '18:09:09']",24781362,28266992,21597754,25981686,43.08,40.59000015258789
"[104.1986447887622, 30.659401163556403, 328, '18:09:11']",24781362,28266992,21597754,25981686,43.08,40.59000015258789
"[104.20181062282475, 30.659683794191764, 329, '18:09:12']",19717655,24425249,18788726,20415389,41.83,40.59000015258789
"[104.20181062282475, 30.659683794191764, 330, '18:09:13']",19717655,24425249,18788726,20415389,41.83,40.59000015258789
"[104.20181062282475, 30.659683794191764, 331, '18:09:14']",26200031,31038587,23096206,23722474,41.83,40.59000015258789
"[104.20181062282475, 30.659683794191764, 332, '18:09:15']",26200031,31038587,23096206,23722474,41.83,40.59000015258789
"[104.1986447887622, 30.659401163556403, 333, '18:09:17']",24563757,28137759,20866381,24580010,43.08,40.59000015258789
"[104.1986447887622, 30.659401163556403, 334, '18:09:18']",24563757,28137759,20866381,24580010,43.08,40.59000015258789
"[-51127.98336662477, -4543.106584944489, 335, '18:09:19']",24129476,26655204,20479281,21422241,40.59,40.59000015258789
"[-51127.98336662477, -4543.106584944489, 336, '18:09:20']",24129476,26655204,20479281,21422241,40.59,40.59000015258789
"[-51127.98336662477, -4543.106584944489, 337, '18:09:21']",28091428,28372260,22152501,23887108,40.59,40.59000015258789
"[-51127.98336662477, -4543.106584944489, 338, '18:09:23']",28091428,28372260,22152501,23887108,40.59,40.59000015258789
"[104.20181062282475, 30.659683794191764, 339, '18:09:24']",21573093,25622150,20184822,21584866,41.83,40.59000015258789
"[104.20181062282475, 30.659683794191764, 340, '18:09:25']",21573093,25622150,20184822,21584866,41.83,40.59000015258789
"[104.20181062282475, 30.659683794191764, 341, '18:09:26']",24843959,29006367,22111398,24357183,41.83,40.59000015258789
"[104.20181062282475, 30.659683794191764, 342, '18:09:27']",24843959,29006367,22111398,24357183,41.83,40.59000015258789
"[104.20181062282475, 30.659683794191764, 343, '18:09:29']",22808834,26827422,21001257,22578431,41.83,40.59000015258789
"[104.22822723433379, 30.6613774046581, 344, '18:09:30']",22808834,26827422,21001257,22578431,41.83,41.58599853515625
"[104.1986447887622, 30.659401163556403, 345, '18:09:31']",23092077,26543218,19477343,23095178,43.08,40.59000015258789
"[104.1986447887622, 30.659401163556403, 346, '18:09:32']",23092077,26543218,19477343,23095178,43.08,40.59000015258789
"[104.20181062282475, 30.659683794191764, 347, '18:09:33']",23547265,28859395,22569033,25585822,41.83,40.59000015258789
"[104.20181062282475, 30.659683794191764, 348, '18:09:35']",23547265,28859395,22569033,25585822,41.83,40.59000015258789
"[104.20181062282475, 30.659683794191764, 349, '18:09:36']",22085012,26507310,20264248,21219849,41.83,40.59000015258789
"[104.20181062282475, 30.659683794191764, 350, '18:09:37']",22085012,26507310,20264248,21219849,41.83,40.59000015258789
"[104.20181062282475, 30.659683794191764, 351, '18:09:38']",22909173,27748539,21340638,22299372,41.83,40.59000015258789
"[104.20181062282475, 30.659683794191764, 352, '18:09:39']",22909173,27748539,21340638,22299372,41.83,40.59000015258789
"[104.1986447887622, 30.659401163556403, 353, '18:09:41']",22506935,27164563,20096144,23088419,43.08,40.59000015258789
"[104.1986447887622, 30.659401163556403, 354, '18:09:42']",22506935,27164563,20096144,23088419,43.08,40.59000015258789
"[104.20181062282475, 30.659683794191764, 355, '18:09:43']",20613600,24881180,18666851,20453586,41.83,40.59000015258789
"[104.20181062282475, 30.659683794191764, 356, '18:09:44']",20613600,24881180,18666851,20453586,41.83,40.59000015258789
"[104.20181062282475, 30.659683794191764, 357, '18:09:45']",25883217,29106010,21359245,23863569,41.83,40.59000015258789
"[104.20181062282475, 30.659683794191764, 358, '18:09:47']",25883217,29106010,21359245,23863569,41.83,40.59000015258789
"[104.1986447887622, 30.659401163556403, 359, '18:09:48']",21166209,27408033,20167611,21950986,43.08,40.59000015258789
"[104.20084806974617, 30.6594866638144, 360, '18:09:49']",21166209,27408033,20167611,21950986,43.08,41.58599853515625
"[104.20084806974617, 30.6594866638144, 361, '18:09:50']",22753347,27742900,20920145,23615779,43.08,41.58599853515625
"[104.1986447887622, 30.659401163556403, 362, '18:09:51']",22753347,27742900,20920145,23615779,43.08,40.59000015258789
"[104.20181062282475, 30.659683794191764, 363, '18:09:53']",23718114,26795135,20801430,23743309,41.83,40.59000015258789
"[104.20181062282475, 30.659683794191764, 364, '18:09:54']",23718114,26795135,20801430,23743309,41.83,40.59000015258789
"[104.1986447887622, 30.659401163556403, 365, '18:09:55']",24069054,26652017,19078100,22209456,43.08,40.59000015258789
"[104.1986447887622, 30.659401163556403, 366, '18:09:56']",24069054,26652017,19078100,22209456,43.08,40.59000015258789
"[104.20181062282475, 30.659683794191764, 367, '18:09:58']",23960732,27969496,21371419,24145677,41.83,40.59000015258789
"[104.20181062282475, 30.659683794191764, 368, '18:09:59']",23960732,27969496,21371419,24145677,41.83,40.59000015258789
"[104.20181062282475, 30.659683794191764, 369, '18:10:00']",23926753,26641536,20106858,20670163,41.83,40.59000015258789
"[104.20181062282475, 30.659683794191764, 370, '18:10:01']",23926753,26641536,20106858,20670163,41.83,40.59000015258789
"[104.20181062282475, 30.659683794191764, 371, '18:10:02']",24382010,29129329,21831466,22717934,41.83,40.59000015258789
"[104.20181062282475, 30.659683794191764, 372, '18:10:03']",24382010,29129329,21831466,22717934,41.83,40.59000015258789
"[104.20181062282475, 30.659683794191764, 373, '18:10:05']",24651020,28798692,22315326,23995080,41.83,40.59000015258789
"[104.20181062282475, 30.659683794191764, 374, '18:10:06']",24651020,28798692,22315326,23995080,41.83,40.59000015258789
"[104.1971492415451, 30.659267648200945, 375, '18:10:07']",21780373,27270304,19730516,23229086,45.34,40.59000015258789
"[104.1971492415451, 30.659267648200945, 376, '18:10:08']",21780373,27270304,19730516,23229086,45.34,40.59000015258789
"[104.20181062282475, 30.659683794191764, 377, '18:10:10']",24087189,28263084,22349075,23418806,41.83,40.59000015258789
"[104.20181062282475, 30.659683794191764, 378, '18:10:11']",24087189,28263084,22349075,23418806,41.83,40.59000015258789
"[104.1986447887622, 30.659401163556403, 379, '18:10:12']",21175389,25527971,19050477,21409396,43.08,40.59000015258789
"[104.20084806974617, 30.6594866638144, 380, '18:10:13']",21175389,25527971,19050477,21409396,43.08,41.58599853515625
"[104.18466995886465, 30.658584879296008, 381, '18:10:14']",23039384,27319708,20677597,22908317,41.83,42.582000732421875
"[104.18466995886465, 30.658584879296008, 382, '18:10:15']",23039384,27319708,20677597,22908317,41.83,42.582000732421875
"[104.20084806974617, 30.6594866638144, 383, '18:10:17']",22877307,27607995,20373570,22900446,43.08,41.58599853515625
"[104.1986447887622, 30.659401163556403, 384, '18:10:18']",22877307,27607995,20373570,22900446,43.08,40.59000015258789
"[104.1986447887622, 30.659401163556403, 385, '18:10:19']",22147520,26653424,19439870,22827807,43.08,40.59000015258789
"[104.1986447887622, 30.659401163556403, 386, '18:10:20']",22147520,26653424,19439870,22827807,43.08,40.59000015258789
"[104.20181062282475, 30.659683794191764, 387, '18:10:21']",23153780,28277950,20943719,22453572,41.83,40.59000015258789
"[104.20181062282475, 30.659683794191764, 388, '18:10:23']",23153780,28277950,20943719,22453572,41.83,40.59000015258789
"[104.1986447887622, 30.659401163556403, 389, '18:10:24']",22823393,27894129,20796534,23610467,43.08,40.59000015258789
"[104.20358501207744, 30.659592873270725, 390, '18:10:25']",22823393,27894129,20796534,23610467,43.08,42.082000732421875
"[104.16349719795053, 30.6572274603298, 391, '18:10:26']",23748276,28751559,21672962,23323077,41.83,42.082000732421875
"[104.20181062282475, 30.659683794191764, 392, '18:10:27']",23748276,28751559,21672962,23323077,41.83,40.59000015258789
"[104.20181062282475, 30.659683794191764, 393, '18:10:29']",25644191,28731158,21451362,23603950,41.83,40.59000015258789
"[104.20181062282475, 30.659683794191764, 394, '18:10:30']",25644191,28731158,21451362,23603950,41.83,40.59000015258789
"[104.1986447887622, 30.659401163556403, 395, '18:10:31']",21586968,27466330,20038296,23242135,43.08,40.59000015258789
"[104.1986447887622, 30.659401163556403, 396, '18:10:32']",21586968,27466330,20038296,23242135,43.08,40.59000015258789
"[-51127.98336662477, -4543.106584944489, 397, '18:10:33']",27217994,29130216,21657949,24367660,40.59,40.59000015258789
"[-51127.98336662477, -4543.106584944489, 398, '18:10:35']",27217994,29130216,21657949,24367660,40.59,40.59000015258789
"[104.1986447887622, 30.659401163556403, 399, '18:10:36']",21549497,26876980,19930671,21650279,43.08,40.59000015258789
"[104.1986447887622, 30.659401163556403, 400, '18:10:37']",21549497,26876980,19930671,21650279,43.08,40.59000015258789
"[104.20181062282475, 30.659683794191764, 401, '18:10:38']",23964911,27578602,20347678,22283865,41.83,40.59000015258789
"[104.20181062282475, 30.659683794191764, 402, '18:10:39']",23964911,27578602,20347678,22283865,41.83,40.59000015258789
"[104.20181062282475, 30.659683794191764, 403, '18:10:41']",23616560,28766148,21875109,23515831,41.83,40.59000015258789
"[104.20181062282475, 30.659683794191764, 404, '18:10:42']",23616560,28766148,21875109,23515831,41.83,40.59000015258789
"[104.1986447887622, 30.659401163556403, 405, '18:10:43']",24083987,26765836,18870986,21898876,43.08,40.59000015258789
"[104.1986447887622, 30.659401163556403, 406, '18:10:44']",24083987,26765836,18870986,21898876,43.08,40.59000015258789
"[104.20181062282475, 30.659683794191764, 407, '18:10:46']",25651346,28631099,21499537,23398901,41.83,40.59000015258789
"[104.20181062282475, 30.659683794191764, 408, '18:10:47']",25651346,28631099,21499537,23398901,41.83,40.59000015258789
"[104.20181062282475, 30.659683794191764, 409, '18:10:48']",21464353,26370539,19972919,21752740,41.83,40.59000015258789
"[104.20181062282475, 30.659683794191764, 410, '18:10:49']",21464353,26370539,19972919,21752740,41.83,40.59000015258789
"[104.1986447887622, 30.659401163556403, 411, '18:10:50']",22322664,27879888,20668485,24270706,43.08,40.59000015258789
"[104.1986447887622, 30.659401163556403, 412, '18:10:51']",22322664,27879888,20668485,24270706,43.08,40.59000015258789
"[104.20181062282475, 30.659683794191764, 413, '18:10:53']",24295751,28680034,22133267,23726063,41.83,40.59000015258789
"[104.20181062282475, 30.659683794191764, 414, '18:10:54']",24295751,28680034,22133267,23726063,41.83,40.59000015258789
"[-51127.98336662477, -4543.106584944489, 415, '18:10:55']",22438489,25020188,18662265,21391445,40.59,40.59000015258789
"[-51127.98336662477, -4543.106584944489, 416, '18:10:56']",22438489,25020188,18662265,21391445,40.59,40.59000015258789
"[104.20181062282475, 30.659683794191764, 417, '18:10:57']",25908513,28855665,22075739,24203804,41.83,40.59000015258789
"[104.20181062282475, 30.659683794191764, 418, '18:10:59']",25908513,28855665,22075739,24203804,41.83,40.59000015258789
"[-51127.98336662477, -4543.106584944489, 419, '18:11:00']",24530420,26296939,19394288,21652992,40.59,40.59000015258789
"[-51127.98336662477, -4543.106584944489, 420, '18:11:01']",24530420,26296939,19394288,21652992,40.59,40.59000015258789
"[104.20181062282475, 30.659683794191764, 421, '18:11:02']",23024930,28744530,22267179,23582317,41.83,40.59000015258789
"[104.20181062282475, 30.659683794191764, 422, '18:11:03']",23024930,28744530,22267179,23582317,41.83,40.59000015258789
"[-51127.98336662477, -4543.106584944489, 423, '18:11:05']",26212352,28250222,21926133,23698625,40.59,40.59000015258789
"[-51127.98336662477, -4543.106584944489, 424, '18:11:06']",26212352,28250222,21926133,23698625,40.59,40.59000015258789
"[104.20181062282475, 30.659683794191764, 425, '18:11:07']",22269638,25136484,18737691,21278308,41.83,40.59000015258789
"[104.20181062282475, 30.659683794191764, 426, '18:11:08']",22269638,25136484,18737691,21278308,41.83,40.59000015258789
"[104.19141465747884, 30.65891457277213, 427, '18:11:09']",25744362,26765781,20419444,22772875,40.59,42.582000732421875
"[-51127.98336662477, -4543.106584944489, 428, '18:11:11']",25744362,26765781,20419444,22772875,40.59,40.59000015258789
"[-51127.98336662477, -4543.106584944489, 429, '18:11:12']",25762682,26596159,19209298,21991116,40.59,40.59000015258789
"[-51127.98336662477, -4543.106584944489, 430, '18:11:13']",25762682,26596159,19209298,21991116,40.59,40.59000015258789
"[104.20612526436497, 30.659960412639535, 431, '18:11:14']",23554899,27231588,21006916,23280915,41.83,41.08599853515625
"[104.20612526436497, 30.659960412639535, 432, '18:11:15']",23554899,27231588,21006916,23280915,41.83,41.08599853515625
"[104.1874894508989, 30.65856414895135, 433, '18:11:17']",27229954,28021660,21073945,23034185,40.59,41.58599853515625
"[104.17964030080705, 30.657863414070505, 434, '18:11:18']",27229954,28021660,21073945,23034185,40.59,41.0880012512207
"[104.19947112766741, 30.659433230364996, 435, '18:11:19']",22163478,25975319,18846195,22020846,43.08,41.0880012512207
"[104.20360155617257, 30.6595935152789, 436, '18:11:20']",22163478,25975319,18846195,22020846,43.08,42.08399963378906
"[-51127.98336662477, -4543.106584944489, 437, '18:11:21']",26041906,27332544,20570929,22466117,40.59,40.59000015258789
"[-51127.98336662477, -4543.106584944489, 438, '18:11:23']",26041906,27332544,20570929,22466117,40.59,40.59000015258789
"[104.1986447887622, 30.659401163556403, 439, '18:11:24']",23106475,26994017,19453358,23241684,43.08,40.59000015258789
"[104.1986447887622, 30.659401163556403, 440, '18:11:25']",23106475,26994017,19453358,23241684,43.08,40.59000015258789
"[104.20181062282475, 30.659683794191764, 441, '18:11:26']",23012589,25676595,19037130,21515414,41.83,40.59000015258789
"[104.20181062282475, 30.659683794191764, 442, '18:11:27']",23012589,25676595,19037130,21515414,41.83,40.59000015258789
"[104.1986447887622, 30.659401163556403, 443, '18:11:29']",23331831,26762345,19639377,22896967,43.08,40.59000015258789
"[104.1986447887622, 30.659401163556403, 444, '18:11:30']",23331831,26762345,19639377,22896967,43.08,40.59000015258789
"[104.1986447887622, 30.659401163556403, 445, '18:11:31']",21776169,26467082,19744297,23170148,43.08,40.59000015258789
"[104.1986447887622, 30.659401163556403, 446, '18:11:32']",21776169,26467082,19744297,23170148,43.08,40.59000015258789
"[104.20181062282475, 30.659683794191764, 447, '18:11:33']",21929993,27074713,20434750,21828981,41.83,40.59000015258789
"[104.20181062282475, 30.659683794191764, 448, '18:11:35']",21929993,27074713,20434750,21828981,41.83,40.59000015258789
"[104.1986447887622, 30.659401163556403, 449, '18:11:36']",20144101,24272971,18109408,20757295,43.08,40.59000015258789
"[104.1986447887622, 30.659401163556403, 450, '18:11:37']",20144101,24272971,18109408,20757295,43.08,40.59000015258789
"[104.20181062282475, 30.659683794191764, 451, '18:11:38']",22845602,26368025,19924051,21578208,41.83,40.59000015258789
"[104.20181062282475, 30.659683794191764, 452, '18:11:39']",22845602,26368025,19924051,21578208,41.83,40.59000015258789
"[104.20181062282475, 30.659683794191764, 453, '18:11:41']",22969329,26816523,21579884,23009200,41.83,40.59000015258789
"[104.20181062282475, 30.659683794191764, 454, '18:11:42']",22969329,26816523,21579884,23009200,41.83,40.59000015258789
"[104.1986447887622, 30.659401163556403, 455, '18:11:43']",20493167,25879618,19241567,21817190,43.08,40.59000015258789
"[104.1986447887622, 30.659401163556403, 456, '18:11:44']",20493167,25879618,19241567,21817190,43.08,40.59000015258789
"[-51127.98336662477, -4543.106584944489, 457, '18:11:45']",26099237,27759167,21521325,23721406,40.59,40.59000015258789
"[104.17964030080705, 30.657863414070505, 458, '18:11:47']",26099237,27759167,21521325,23721406,40.59,41.0880012512207
"[104.20615437729798, 30.659962279115412, 459, '18:11:48']",22227844,26693999,20541771,23429574,41.83,41.0880012512207
"[104.20615437729798, 30.659962279115412, 460, '18:11:49']",22227844,26693999,20541771,23429574,41.83,41.0880012512207
"[104.20181062282475, 30.659683794191764, 461, '18:11:50']",19324857,24232320,18462418,20080867,41.83,40.59000015258789
"[104.20181062282475, 30.659683794191764, 462, '18:11:52']",19324857,24232320,18462418,20080867,41.83,40.59000015258789
"[-51127.98336662477, -4543.106584944489, 463, '18:11:53']",25749560,26740113,20652641,23354026,40.59,40.59000015258789
"[-51127.98336662477, -4543.106584944489, 464, '18:11:54']",25749560,26740113,20652641,23354026,40.59,40.59000015258789
"[104.1986447887622, 30.659401163556403, 465, '18:11:55']",20967550,26377563,19184660,21928557,43.08,40.59000015258789
"[104.1986447887622, 30.659401163556403, 466, '18:11:56']",20967550,26377563,19184660,21928557,43.08,40.59000015258789
"[104.1986447887622, 30.659401163556403, 467, '18:11:57']",23930155,28189786,20936242,23957552,43.08,40.59000015258789
"[104.1986447887622, 30.659401163556403, 468, '18:11:59']",23930155,28189786,20936242,23957552,43.08,40.59000015258789
"[104.1986447887622, 30.659401163556403, 469, '18:12:00']",20834401,26459072,19781099,21514046,43.08,40.59000015258789
"[104.1986447887622, 30.659401163556403, 470, '18:12:01']",20834401,26459072,19781099,21514046,43.08,40.59000015258789
"[104.1971492415451, 30.659267648200945, 471, '18:12:02']",20285554,26085628,18845808,21692112,45.34,40.59000015258789
"[104.1971492415451, 30.659267648200945, 472, '18:12:03']",20285554,26085628,18845808,21692112,45.34,40.59000015258789
"[-51127.98336662477, -4543.106584944489, 473, '18:12:05']",26220771,28661059,21821951,24348756,40.59,40.59000015258789
"[-51127.98336662477, -4543.106584944489, 474, '18:12:06']",26220771,28661059,21821951,24348756,40.59,40.59000015258789
"[104.1986447887622, 30.659401163556403, 475, '18:12:07']",22949732,25623056,18336506,21241820,43.08,40.59000015258789
"[104.1986447887622, 30.659401163556403, 476, '18:12:08']",22949732,25623056,18336506,21241820,43.08,40.59000015258789
"[-51127.98336662477, -4543.106584944489, 477, '18:12:09']",26247011,28469020,21576402,24019456,40.59,40.59000015258789
"[-51127.98336662477, -4543.106584944489, 478, '18:12:11']",26247011,28469020,21576402,24019456,40.59,40.59000015258789
"[104.20181062282475, 30.659683794191764, 479, '18:12:12']",23001897,26722176,20095786,22670170,41.83,40.59000015258789
"[104.20181062282475, 30.659683794191764, 480, '18:12:13']",23001897,26722176,20095786,22670170,41.83,40.59000015258789
"[104.1986447887622, 30.659401163556403, 481, '18:12:14']",20716298,25413778,19326179,21508006,43.08,40.59000015258789
"[104.1986447887622, 30.659401163556403, 482, '18:12:15']",20716298,25413778,19326179,21508006,43.08,40.59000015258789
"[104.20181062282475, 30.659683794191764, 483, '18:12:17']",23999746,28262074,21266851,23326587,41.83,40.59000015258789
